;;;;;;;;;;;;;x,,,,,,,,,,,,,,,,,,,,,,
dagestani;Dagestani;;;;;;;;;;;;;;;;;;;;;;;;;;;x;;;;
circassian;Circassian;;;;;;;;;;;;;;;;;;;;;;;;;;;x;;;;
chechen;Chechen;;;;;;;;;;;;;;;;;;;;;;;;;;;x;;;;
north_caucasian;Caucasian Minor;;;;;;;;;;;;;;;;;;;;;;;;;;;x;;;;
caucasian;Caucasian;;;;;;;;;;;;;;;;;;;;;;;;;;;x;;;;
botanical_expedition_threatened;Botanical Expedition Threatened;;;;;;;;;;;;;;;;;;;;;;;;;;;x;;;;
participates_in_botanical_expedition;Participates in Botanical Expedition;;;;;;;;;;;;;;;;;;;;;;;;;;;x;;;;
ANY_POP_IN_PROVINCE_STARTS;Any Pop;;;;;;;;;;;;;;;;;;;;;;;;;;;x;;;;
IS_RELIGION;The state religion is;;;;;;;;;;;;;;;;;;;;;;;;;;;x;;;;
house_of_rashid_exiled;House of Rashid Exiled;;;;;;;;;;;;;;;;;;;;;;;;;;;;;;;;x;;;;
house_of_saud_returned;House of Saud Returned;;;;;;;;;;;;;;;;;;;;;;;;;;;;;;;;x;;;;
house_of_saud_exiled;House of Saud Exiled;;;;;;;;;;;;;;;;;;;;;;;;;;;;;;;;x;;;;
early_electrical_telegraph;Early Electrical Telegraph;;;;;;;;;;;;;;;;;;;;;;;;;;;;;;;;x;;;;
early_electrical_telegraph_desc;The first commercial electrical telegraph was co-developed by Sir William Fothergill Cooke and Charles Wheatstone. This was a five-needle, six-wire system. The cables were originally installed underground in a steel conduit. However, the cables soon began to fail as a result of deteriorating insulation and were replaced with uninsulated wires on poles. As an interim measure, a two-needle system was used with three of the remaining working underground wires, which despite using only two needles had a greater number of codes.;;;;;;;;;;;;;;;;;;;;;;;;;;;;;;;;x;;;;
telegraph;Telegraph;;;;;;;;;;;;;;;;;;;;;;;;;;;;;;;;x;;;;
MONEY_EFFECT;Funds §R$VALUE$§W¤§W.\n;;;;;;;;;;;;;;;;;;;;;;;;;;;;;;;;x;;;;
theocracy_ruler;Your Holiness;;;;;;;;;;;;;;;;;;;;;;;;;x;;;;
proletarian_dictatorship_ruler;Chairman;;;;;;;;;;;;;;;;;;;;;;;;;x;;;;
presidential_dictatorship_ruler;President;;;;;;;;;;;;;;;;;;;x;;;;
bourgeois_dictatorship_ruler;Board Director;;;;;;;;;;;;;;;;;;;;;;;;x;;;;
fascist_dictatorship_ruler;Supreme Leader;;;;;;;;;;;;;;;;;;x;;;;
absolute_monarchy_ruler;King;;;;;;;;;;;;;;;;;;;;;;;;x;;;;
prussian_constitutionalism_ruler;King;;;;;;;;;;;;;;;;;;;;;;;;x;;;;
hms_government_ruler;King;;;;;;;;;;;;;;;;;;;;;;;;x;;;;
democracy_ruler;President;;;;;;;;;;;;;;;;;;;x;;;;
islamic_fundamentalists_title;Islamic Fundamentalists;;;;;;;;;;;;x,,,
islamic_fundamentalists_name;Islamic Fundamentalists;;;;;;;;;;;;x,,,
islamic_fundamentalists_desc;Islamic fundamentalists believe that Islam is based on the Qur'an, Hadith and Sunnah and "criticize the tradition, the commentaries, popular religious practices (maraboutism, the cult of saints), deviations, and superstitions". They aim to return to the founding texts, shake off the foreign decadence and to overthrow the government and establish a fundamentalist state.;;;;;;;;;;;;;;;;x,,,
islamic_fundamentalists_army;Islamic Fundamentalists;;;;;;;;;;;;x,,,
theocracy;Theocracy;;;;;;;;;;;;;x,,,,,,,,,,,,,,,,,,,,,,
artillery_production_desc;The Industrial Revolution of the 19th century affected practically all areas of human endeavour, and the production of artillery was no exception. What had previously been a lengthy process of cast molding bronze cannons would -- in the hands of luminaries of the industry, such as Alfred Krupp or Hiram Maxim -- become an industrialized and exact science.;;;;;;;;;;;;;;;;;;;;;;;;;;;x,,,,,,,,,,,,,,,,,,,,,,
australian;Australian;;;;;;;;;;;;;x,,,,,,,,,,,,,,,,,,,,,,
serfdom_not_abolished;Serfdom not abolished;;;;;;;;;;;;;;;;;;;;;;;;x
theocratic_government;Theocratic Government;;;;;;;;;;;;;x,,,,,,,,,,,,,,,,,,,,,,
communist_gov;Communist Regime;;;;;;;;;;;;;x,,,,,,,,,,,,,,,,,,,,,,
absolute_monarchy_gov;Absolute Monarchy;;;;;;;;;;;;;x,,,,,,,,,,,,,,,,,,,,,,
semi_constitutional_monarchy_gov;Semi-Constitutional Monarchy;;;;;;;;;;;;;x,,,,,,,,,,,,,,,,,,,,,,
constitutional_monarchy_gov;Constitutional Monarchy;;;;;;;;;;;;;x,,,,,,,,,,,,,,,,,,,,,,
democracy_gov;Democracy;;;;;;;;;;;;;x,,,,,,,,,,,,,,,,,,,,,,
presidential_dictatorship_gov;Presidential Dictatorship;;;;;;;;;;;;;x,,,,,,,,,,,,,,,,,,,,,,
fascist_gov:Fascist Regime;;;;;;;;;;;;;x,,,,,,,,,,,,,,,,,,,,,,
anarcho_liberal_gov;Anarcho-Liberal Regime;;;;;;;;;;;;;x,,,,,,,,,,,,,,,,,,,,,,
serfs;Serfs;;;;;;;;;;;;;x,,,,,,,,,,,,,,,,,,,,,,
TRIGGER_STATE;State;;;;;;;;;;;;;;;;x;;;;
piston_steam_engine;Piston Steam Engine;;;;;;;;;;;;;;;;;;;;;;;;x
high_pressure_steam_engine;High-Pressure Steam Engine;;;;;;;;;;;;;;;;;;;;;;;;x
compound_steam_engines;Compound Steam Engine;;;;;;;;;;;;;;;;;;;;;;;;x
nv_autocracy;Autocracy;;;;;;;;;;;;;;;;;;;;;;;;x
nv_tradition;Tradition;;;;;;;;;;;;;;;;;;;;;;;;x
nv_productivity;Productivity;;;;;;;;;;;;;;;;;;;;;;;;x
french_claimed_the_rhine;French Claims on the Rhine;;;;;;;;;;;;;;;;;;;;;;;;x
CANAL_5;Dardanelles Strait;;;;;;;;;;;;;;;;;;;;;;;;x
CANAL_4;Bosphorus Strait;;;;;;;;;;;;;;;;;;;;;;;;x
MODIFIER_LAND_ATTACK;Land Unit Attack;;;;;;;;;;;;;;;;;;;;;;;;;;x
MODIFIER_NAVAL_ATTACK;Naval Unit Attack;;;;;;;;;;;;;;;;;;;;;;;;;;;;;x
MODIFIER_LAND_DEFENSE;Land Unit Defense;;;;;;;;;;;;;;;;;;;;;;;;;;;;;x
MODIFIER_NAVAL_DEFENSE;Naval Unit Defense;;;;;;;;;;;;;;;;;;;;;;;;;x
PV_CLERGY_LIT_PROVIDES;Intellectuals provinces: $VAL$;;;;;;;;;;;;;;;;;;;;;;;;;;;;x
PV_CLERGY_LIT_NUM;$NUM$ of your population are Intellectuals (Optimal $OPT$): $VAL$;;;;;;;;;;;;;;;;;;;;;;;;;;;x
EDU_DESC;The educational budget is used to pay the intellectuals and to produce research points.;;;;;;;;;;;;;;;;;;;;;;;;;;;;;x;
PV_CLERGY_LIT_DESC1;$NUM$ of your population in $LOC$ are Intellectuals.;;;;;;;;;;;;;;;;;;;;;;;;;;x
POP_CON_CLERGY;Intellectuals;;;;;;;;;;;;;;;;;;;;;;;;;x;;;;
clergymen;Intellectuals;;;;;;;;;;;;;;;;;;;;;;;;;;;;;x;
promote_clergymen;Encourage Intellectuals;;;;;;;;;;;;;;;;;;;;;;;;x;;;;
land_attack_modifier;Land Unit Attack Modifier;;;;;;;;;;;;;;;;;;;;;;;;;;;;x
BUDGET_TAX_RICH;Taxes (Upper Class);;;;;;;;;;;;;;x;;;;
BUDGET_TAX_MIDDLE;Taxes (Middle Class);;;;;;;;;;;x;;;;
BUDGET_TAX_POOR;Taxes (Lower Class);;;;;;;;;;;;;;x;;;;
NATIONAL_BANK;National Bank;;;;;;;;;;;;;;;;;;;;;;;;;x;;;;
immigration_focus_desc;Migrants §Y$VAL$§W% more likely to choose region. This focus makes immigrants more likely to settle this region, it doesn't make more likely for them to choose our country.;;;;;;;;;;;;;;;;;;;;;;;;;;;;;;;;x;;;;
harassment_l;Harassed Parties;;;;;;;;;;;;;;;;;;;;;;;;;;;;;;x;;;;
land_reform;Land Reform;;;;;;;;;;;;;;;;;;;;;;;;;;;;x
land_reform_l;Land Reform;;;;;;;;;;;;;;;;;;;;;;;;;;;;x
no_land_reform;No Land Reform;;;;;;;;;;;;;;;;;;;;;;;;;;;;;x
yes_land_reform;Land Reform;;;;;;;;;;;;;;;;;;;;;;;;;;;;;x
no_land_reform_desc;The land is owned and used by the traditional elites in a hereditary way, the way they want, like the old days.;;;;;;;;;;;;;;;;;;;;;;;;;;;;;x
yes_land_reform_desc;Redistribution of land rights resulting in more effective farming and mining.;;;;;;;;;;;;;;;;;;;;;;;;;;;;;x
admin_reform;Administrative Reform;;;;;;;;;;;;;;;;;;;;;;;;;;;;;x
admin_reform_l;Administrative Reform;;;;;;;;;;;;;;;;;;;;;;;;;;;;;x
no_admin_reform;No Administrative Reform;;;;;;;;;;;;;;;;;;;;;;;;;;;;;;x
yes_admin_reform;Administrative Reform;;;;;;;;;;;;;;;;;;;;;;;;;;;;;;x
no_admin_reform_desc;No administrative reform. The country bureaucracy works like the old days, if it exists at all.;;;;;;;;;;;;;;;;;;;;;;;;;;;;;;x
yes_admin_reform_desc;Our administration is now modern and efficient.;;;;;;;;;;;;;;;;;;;;;;;;;;;;;;x
finance_reform;Financial Reform;;;;;;;;;;;;;;;;;;;;;;;;;;;;;;x
finance_reform_l;Financial Reform;;;;;;;;;;;;;;;;;;;;;;;;;;;;;x
no_finance_reform;No Financial Reform;;;;;;;;;;;;;;;;;;;;;;;;;;;;;;x
yes_finance_reform;Enact Financial Reform;;;;;;;;;;;;;;;;;;;;;;;;;;;;;;x
finance_reform_two;International Debt;;;;;;;;;;;;;;;;;;;;;;;;;;;;;;x
no_finance_reform_desc;Our financial institutions and economy is run like the old days.;;;;;;;;;;;;;;;;;;;;;;;;;;;;;x
yes_finance_reform_desc;We started to modernize our financial institutions.;;;;;;;;;;;;;;;;;;;;;;;;;;;;;x
finance_reform_two_desc;We modernized a great part of our financial institutions and now we can now borrow money from other nations.;;;;;;;;;;;;;;;;;;;;;;;;;;;;x
education_reform;Basic Education;;;;;;;;;;;;;;;;;;;;;;;;;;;;;;x
education_reform_l;Basic Education;;;;;;;;;;;;;;;;;;;;;;;;;;;;;;x
no_education_reform;No Education Reform;;;;;;;;;;;;;;;;;;;;;;;;;;;;;;x
yes_education_reform;Reformed System;;;;;;;;;;;;;;;;;;;;;;;;;;;;;;x
no_education_reform_desc;Our country doesn't have schools and education is largely disorganized.;;;;;;;;;;;;;;;;;;;;;;;;;;;;;x
yes_education_reform_desc;A basic organized education system is now present in our country;;;;;;;;;;;;;;;;;;;;;;;;;;;;;;x
transport_improv;Transportation System;;;;;;;;;;;;;;;;;;;;;;;;;;;;;;x
transport_improv_l;Transportation System;;;;;;;;;;;;;;;;;;;;;;;;;;;;;;x
no_transport_improv;Not Improved;;;;;;;;;;;;;;;;;;;;;;;;;;;;;;x
yes_transport_improv;Improved;;;;;;;;;;;;;;;;;;;;;;;;;;;;;;x
no_transport_improv_desc;The transportation system is primitive.;;;;;;;;;;;;;;;;;;;;;;;;;;;;;x
yes_transport_improv_desc;The transportation system is being modernized. At least in the capital.;;;;;;;;;;;;;;;;;;;;;;;;;;;;;;x
pre_indust;Early Industrialisation;;;;;;;;;;;;;;;;;;;;;;;;;;;;;;x
pre_indust_l;Early Industrialisation;;;;;;;;;;;;;;;;;;;;;;;;;;;;;;x
no_pre_indust;Stick to the Old Ways;;;;;;;;;;;;;;;;;;;;;;;;;;;;;;x
yes_pre_indust;Industrial Progress;;;;;;;;;;;;;;;;;;;;;;;;;;;;;;x
no_pre_indust_desc;We have no need of industry.;;;;;;;;;;;;;;;;;;;;;;;;;;;;;x
yes_pre_indust_desc;Construct some basic factories with the help of foreign advisors. Could this be the beginning of an industrial revolution?;;;;;;;;;;;;;;;;;;;;;;;;;;;;;x
industrial_construction;Industrial Construction;;;;;;;;;;;;;;;;;;;;;;;;;;;;;;x
industrial_construction_l;Industrial Construction;;;;;;;;;;;;;;;;;;;;;;;;;;;;;;x
no_industrial_construction;No Industrial Construction;;;;;;;;;;;;;;;;;;;;;;;;;;;;;;x
yes_industrial_construction;Industrial Construction;;;;;;;;;;;;;;;;;;;;;;;;;;;;;;x
no_industrial_construction_desc;No advanced factories.;;;;;;;;;;;;;;;;;;;;;;;;;;;;;;x
yes_industrial_construction_desc;Foreign advisors assist us in building more advanced factories.;;;;;;;;;;;;;;;;;;;;;;;;;;;;;;x
foreign_officers;Officer Training;;;;;;;;;;;;;;;;;;;;;;x
foreign_officers_l;Officer Training;;;;;;;;;;;;;;;;;;;;;;x
no_foreign_officers;Local Officer Training;;;;;;;;;;;;;;;;;;;;;;;x
yes_foreign_officers;Foreign Officer Training;;;;;;;;;;;;;;;;;;;;;;;x
no_foreign_officers_desc;Local officers lead our troops and are trained in our traditional ways.;;;;;;;;;;;;;;;;;;;;;;;x
yes_foreign_officers_desc;Our troops are now trained, assisted and sometimes led by foreign officers.;;;;;;;;;;;;;;;;;;;;;;;x
army_schools;Army Training;;;;;;;;;;;;;;;;;;;;;;;x
army_schools_l;Army Training;;;;;;;;;;;;;;;;;;;;;;;x
no_army_schools;Ad Hoc;;;;;;;;;;;;;;;;;;;;;;;x
yes_army_schools;Army Schools;;;;;;;;;;;;;;;;;;;;;;;x
no_army_schools_desc;We learn on the field of battle.;;;;;;;;;;;;;;;;;;;;;;;x
yes_army_schools_desc;Officers are trained in professional army academies before leading men into battle.;;;;;;;;;;;;;;;;;;;;;;;x
foreign_naval_officers;Naval Officers;;;;;;;;;;;;;;;;;;;;;;;x
foreign_naval_officers_l;Naval Officers;;;;;;;;;;;;;;;;;;;;;;;x
no_foreign_naval_officers;Local Naval Officers;;;;;;;;;;;;;;;;;;;;;;;x
yes_foreign_naval_officers;Foreign Naval Officers;;;;;;;;;;;;;;;;;;;;;;;x
no_foreign_naval_officers_desc;Local officers command our ships.;;;;;;;;;;;;;;;;;;;;;;;x
yes_foreign_naval_officers_desc;Foreign officers advise our captains.;;;;;;;;;;;;;;;;;;;;;;;x
naval_schools;Naval Training;;;;;;;;;;;;;;;;;;;;;;;x
naval_schools_l;Naval Training;;;;;;;;;;;;;;;;;;;;;;;x
no_naval_schools;Ad Hoc;;;;;;;;;;;;;;;;;;;;;;;x
yes_naval_schools;Navy Schools;;;;;;;;;;;;;;;;;;;;;;;x
no_naval_schools_desc;Our naval officers are trained in the field of battler or knowledge is transmitted informally.;;;;;;;;;;;;;;;;;;;;;;;x
yes_naval_schools_desc;Our naval officers are trained in special naval academies and are taught by foreigners in the arts of naval warfare.;;;;;;;;;;;;;;;;;;;;;;;x
foreign_navies;Foreign Ships;;;;;;;;;;;;;;;;;;;;;;;x;;;;;;;;;;;x
foreign_navies_l;Foreign Ships;;;;;;;;;;;;;;;;;;;;;;;x
no_foreign_navies;Locally Produced Ships;;;;;;;;;;;;;;;;;;;;;;;x
yes_foreign_navies;Imported Ships;;;;;;;;;;;;;;;;;;;;;;;x
no_foreign_navies_desc;Locally manufactured ships.;;;;;;;;;;;;;;;;;;;;;;;x
yes_foreign_navies_desc;We import strong ships designs from the west.;;;;;;;;;;;;;;;;;;;;;;;x
foreign_training;Training Methods;;;;;;;;;;;;;;;;;;;;;;x
foreign_training_l;Training Methods;;;;;;;;;;;;;;;;;;;;;;x
no_foreign_training;Local Training Methods;;;;;;;;;;;;;;;;;;;;;;;;;;;;;;;;x
yes_foreign_training;Foreign Training Methods;;;;;;;;;;;;;;;;;;;;;;;;;;;;;x
no_foreign_training_desc;Troops are trained in the traditional manner.;;;;;;;;;;;;;;;;;;;;;;;;;x
yes_foreign_training_desc;Troops trained by foreign military advisors or using foreign techniques.;;;;;;;;;;;;;;;;;;;;;;;x
foreign_weapons;Foreign Weapons;;;;;;;;;;;;;;;;;;;;;;;;;x
foreign_weapons_l;Foreign Weapons;;;;;;;;;;;;;;;;;;;;;;;;;;;;;;;x
no_foreign_weapons;Local Weapons;;;;;;;;;;;;;;;;;;;;;;;;;;;;;;;;;;x
yes_foreign_weapons;Imported Weapons;;;;;;;;;;;;;;;;;;;;x
no_foreign_weapons_desc;Traditional weapons are used in our armies.;;;;;;;;;;;;;;;;;;;;;;;x
yes_foreign_weapons_desc;This is my BOOMSTICK!;;;;;;;;;;;;;;;;;;;;;;;;;;;;;x
military_constructions;Military Constructions;;;;;;;;;;;;;;;;;;;;;;;;;;;;;;x
military_constructions_l;Military Constructions;;;;;;;;;;;;;;;;;;;;;;;;;;;;;;;;;x
no_military_constructions;Simple Constructions;;;;;;;;;;;;;;;;;;;;;;;;;;;;x
yes_military_constructions;Advanced Constructions;;;;;;;;;;;;;;;;;;;;;;;x
no_military_constructions_desc;Fortifications are built in our traditional way or not built at all.;;;;;;;;;;;;;;;;;;;;;;;;;;;;x
yes_military_constructions_desc;Forts are built in the western style and their construction is supervised by foreigners.;;;;;;;;;;;;;;;;;;;;;;;;;x
guild_reform;Worker Organization;;;;;;;;;;;;;x;;;;;;;;;;;;;;
guild_reform_l;Worker Organization;;;;;;;;;;;;;x;;;;;;;;;;;;;;
no_guild_reform;No Organization;;;;;;;;;;;;;x;;;;;;;;;;;;;;
no_guild_reform_l;No Organization;;;;;;;;;;;;;x;;;;;;;;;;;;;;
no_guild_reform_desc;There are no worker organizations in the country.;;;;;;;;;;;;;x;;;;;;;;;;;;;;
yes_guild_reform;Guilds;;;;;;;;;;;;;x;;;;;;;;;;;;;;
yes_guild_reform_l;Guilds;;;;;;;;;;;;;x;;;;;;;;;;;;;;
yes_guild_reform_desc;Workers and artisans are now forming guilds or guild-like organizations. What's next? Unions?;;;;;;;;;;;;;x;;;;;;;;;;;;;;
monetary_reform;Currency Reform;;;;;;;;;;;;;;;;;;;;;;;;;;x;;;;
monetary_reform_l;Currency Reform;;;;;;;;;;;;;;;;;;;;;;;;;;x;;;;
no_monetary_reform;No Monetary Standards;;;;;;;;;;;;;;;;;;;;;;;;;;x;;;;
no_monetary_reform_l;No Monetary Standards;;;;;;;;;;;;;;;;;;;;;;;;;;x;;;;
no_monetary_reform_desc;Each province has its own currencies.;;;;;;;;;;;;;;;;;;;;;;;;;;x;;;;
yes_monetary_reform;Official Currencies;;;;;;;;;;;;;;;;;;;;;;;;;;x;;;;
yes_monetary_reform_l;Official Currencies;;;;;;;;;;;;;;;;;;;;;;;;;;x;;;;
yes_monetary_reform_desc;The government adopted some currencies as official but doesn't issue them through a central bank.;;;;;;;;;;;;;;;;;;;;;;;;;;x;;;;
monetary_reform_two;Single Currency;;;;;;;;;;;;;;;;;;;;;;;;;;x;;;;
monetary_reform_two_l;Single Currency;;;;;;;;;;;;;;;;;;;;;;;;;;x;;;;
monetary_reform_two_desc;The government enforces a single currency issued by a few authorized banks. This is the beginning of currency centralization and standardization;;;;;;;;;;;;;;;;;;;;;;;;;;;x;;;;
research_reform;University Reform;;;;;;;;;;;;;;;;;;;;;;;;;;x;;;;
research_reform_l;University Reform;;;;;;;;;;;;;;;;;;;;;;;;;;x;;;;
no_research_reform;No Universities;;;;;;;;;;;;;;;;;;;;;;;;;;x;;;;
no_research_reform_l;No Universities;;;;;;;;;;;;;;;;;;;;;;;;;;x;;;;
no_research_reform_desc;There are no western universities in our country.;;;;;;;;;;;;;;;;;;;;;;;;;;x;;;;
yes_research_reform;Foreign Universities;;;;;;;;;;;;;;;;;;;;;;;;;;x;;;;
yes_research_reform_l;Foreign Universities;;;;;;;;;;;;;;;;;;;;;;;;;;x;;;;
yes_research_reform_desc;Universities are built following foreign standards, the professors who teach are usually foreign or graduated in foreign institutions and they teach western philosophy and sciences.;;;;;;;;;;;;;;;;;;;;;;;;;;x;;;;
foreign_artillery;Foreign Artillery;;;;;;;;;;;;;;;;;;;;;;;;;;x;;;;
foreign_artillery_l;Foreign Artillery;;;;;;;;;;;;;;;;;;;;;;;;;;x;;;;
no_foreign_artillery;Local Artillery;;;;;;;;;;;;;;;;;;;;;;;;;;x;;;;
no_foreign_artillery_l;Local Artillery;;;;;;;;;;;;;;;;;;;;;;;;;;x;;;;
no_foreign_artillery_desc;Artillery is made up of ineffective siege equipment or it's not present at all.;;;;;;;;;;;;;;;;;;;;;;;;;;x;;;;
yes_foreign_artillery;Foreign Artillery;;;;;;;;;;;;;;;;;;;;;;;;;;x;;;;
yes_foreign_artillery_l;Foreign Artillery;;;;;;;;;;;;;;;;;;;;;;;;;;x;;;;
yes_foreign_artillery_desc;Our artillery is imported from civilized powers.;;;;;;;;;;;;;;;;;;;;;;;;;;x;;;;
naval_supplies_ref;Naval Supplies;;;;;;;;;;;;;;;;;;;;;;;;;;x;;;;
naval_supplies_ref_l;Naval Supplies;;;;;;;;;;;;;;;;;;;;;;;;;;x;;;;
no_naval_supplies;Local Naval Supplies;;;;;;;;;;;;;;;;;;;;;;;;;;x;;;;
no_naval_supplies_l;Local Naval Supplies;;;;;;;;;;;;;;;;;;;;;;;;;;x;;;;
no_naval_supplies_desc;Naval supplies are made locally and consist mostly of fresh food or low quality products.;;;;;;;;;;;;;;;;;;;;;;;;;;x;;;;
yes_naval_supplies;Foreign Naval Supplies;;;;;;;;;;;;;;;;;;;;;;;;;;x;;;;
yes_naval_supplies_l;Foreign Naval Supplies;;;;;;;;;;;;;;;;;;;;;;;;;;x;;;;
yes_naval_supplies_desc;Naval supplies are imported and consist of canned food and high quality products.;;;;;;;;;;;;;;;;;;;;;;;;;;x;;;;
public_meetings;Public Meetings;;;;;;;;;;;;;;;;;;;;;;;;;;x;;;;
public_meetings_l;Public Meetings;;;;;;;;;;;;;;;;;;;;;;;;;;x;;;;
yes_meeting;Meetings Allowed;;;;;;;;;;;;;;;;;;;;;;;;;;;;;;;x;;;;
yes_meeting_desc;Public meetings and rallies are allowed.;;;;;;;;;;;;;;;;;;x;;;;
no_meeting;Meetings Not Allowed;;;;;;;;;;;;;;;;;;;;;;;;x;;;;
no_meeting_desc;Public meetings are prohibited.;;;;;;;;;;;;;;;;;;;;x;;;;
POLITICS_MATTERS_OF_STATE;Matters of State;;;;;;;;;;;;;;;;;;x;
matters_of_state;Matters of State;;;;;;;;;;;;;;;;;;x;
bureaucracy_ref;Bureaucracy;;;;;;;;;;;;;;;;;;x;
bureaucracy_ref_l;Bureaucracy;;;;;;;;;;;;;;;;;;x;
gentry;Gentry;;;;;;;;;;;;;;;;;;x;
gentry_l;Gentry;;;;;;;;;;;;;;;;;;x;
gentry_desc;The gentry of the country has the most sayings in the state's bureaucracy. Bureaucracy is extremely small or severely limited.;;;;;;;;;;;;;;;;;;x;
hereditary_bureaucracy;Hereditary Bureaucracy;;;;;;;;;;;;;;;;;;x;
hereditary_bureaucracy_l;Hereditary Bureaucracy;;;;;;;;;;;;;;;;;;x;
hereditary_bureaucracy_desc;Bureaucracy positions in the government are, officially or not, hereditary, severely limiting universal access to the state's internal administration. Usually, the upper classes of society are the ones in these spots and the system suffers of high levels of corruption.;;;;;;;;;;;;;;;;;;x;
professional_civil_servants;Professional Civil Service;;;;;;;;;;;;;;;;;;x;
professional_civil_servants_l;Professional Civil Service;;;;;;;;;;;;;;;;;;x;
professional_civil_servants_desc;The bureaucracy is formed by educated citizens formed in the field of public administration. Bureaucracy is non hereditary and bureaucrats are chosen (mostly) based on the principles of meritocracy.;;;;;;;;;;;;;;;;;;x;
residency_desc;This party supports politics to limit citizenship and political rights of minorities and immigrants.;;;;;;;;;;;;;;;;;;x;
limited_citizenship_desc;This party supports politics to limit citizenship and political rights to people of the same cultural group of this nation.;;;;;;;;;;;;;;;;;;x;
full_citizenship_desc;This party supports that every vote is equal.;;;;;;;;;;;;;;;;;;;;x;;;;
movement_censored_press;Campaign for more Press Freedom;;;;;;;;;;;x
revolution_n_counter_researched;Revolution and Counterrevolution Researched;;;;;;;;;;;;;x,,,,,,,,,,,,,,,,,,,,,,
crisis_begin_researched;Crisis Event Triggered;;;;;;;;;;;;;x,,,,,,,,,,,,,,,,,,,,,,
medicine_invented;Researched Medicine;;;;;;;;;;;;;x,,,,,,,,,,,,,,,,,,,,,,
germs_invented;Invented Germ Theory;;;;;;;;;;;;;x,,,,,,,,,,,,,,,,,,,,,,
gaslights_invented;Invented Gaslights;;;;;;;;;;;;;x,,,,,,,,,,,,,,,,,,,,,,
electricity_invented;Researched Electricity;;;;;;;;;;;;;x,,,,,,,,,,,,,,,,,,,,,,
germ_theory;Germ Theory and Experimental Pathology;;;;;;;;;;;;;x,,,,,,,,,,,,,,,,,,,,,,
germ_theory_desc;The germ theory of disease states that some diseases are caused by microorganisms. These small organisms, too small to see without magnification, invade humans, animals, and other living hosts. Their growth and reproduction within their hosts can cause a disease. The germ theory was proposed in the mid-16th century and gained widespread credence when substantiated by scientific discoveries of the 17th through the late 19th century. It supplanted earlier explanations for disease, such as Galen's miasma theory.;;;;;;;;;;;;;x,,,,,,,,,,,,,,,,,,,,,,
prussian_constitutionalism;Semi-Constitutional Monarchy;;;;;;;;;;;;;;;;;;;;;;;;;;;;;;;;;;;;;;;;;;;;;;;;;;;;;;;;;x,,,,,,,,,,,,,,,,,,
hms_government;Constitutional Monarchy;;;;;;;;;;;;;;;;;;;;;;;;;;;;;;;;;;;;;;;;;;;;;;;;;;;;;;;;;x,,,,,,,,,,,,,,,,,,
market_structure;Market Structure;;;;;;;;;;;;;;;;;;;;;;;;;;;;;;;;;;;;;;;;;;;;;;;;;;;;;;;;;x,,,,,,,,,,,,,,,,,,
former_sphere_leader;Former Sphere Leader;;;;;;;;;;;;;;;;;;;;;;;;;;;;;;;;;;;;;;;;;;;;;;;;;;;;;;;;;x,,,,,,,,,,,,,,,,,,
berlin_conference;Berlin Conference;;;;;;;;;;;;;;;;;;;;;;;;;;;;;;;;;;;;;;;;;;;;;;;;;;;;;;;;;x,,,,,,
former_overlord;Former Overlord;;;;;;;;;;;;;;;;;;;;;;;;;;;;;;;;;;;;;;;;;;;;;;;;;;;;;;;;;x,,,,,,,,,,,,,,,,,,
cisplatina_is_ours;Cisplatina is Ours;;;;;;;;;;;;;x,,,,,,,,,,,,,,,,,,,,,,
pessimist;Pessimist;;;;;;;;;;;;;;;;;;;;;;;;;;;;;;;;;;;;;;;;;;;;;;;;;;;;;;;;;x,,,,,,,,,,,,,,,,,,
MOR_1696;Western Sahara;;;;;;;;;;;;;;;;;;;;;;;;;;;;;;;;;;;;;;;;;;;;;;;;;;;;;;;;;x,,,,,,,,,,,,,,,,,,
anti__rationalism;Anti - Rationalism;;;;;;;;;;;;;x,,,,,,,,,,,,,,,,,,,,,,
time_saving_measures;Time-Saving Measures;;;;;;;;;;;;;;;;;;;;;;;;;;x;;;;
time_saving_measures_desc;Time-Saving Measures;;;;;;;;;;;;;;;;;;;;;;;x;;;;
FOCUS_OWNED_BY;You can not place national focus in someone else's province unless it is a potential flashpoint for your cores. Encouraging flashpoint tension requires Revolution & Counterrevolution to be researched.;;;;;;;;;;;;;;;;;;;;;;;x
PROV689;Teschen;;;;;;;;;;;;;;;;;;;;;;;x
PROV1773;Saguia el-Hamra;;;;;;;;;;;;;;;;;;;;;;;x
PROV1178;Sana'a;;;;;;;;;;;;;x,,,,,,,,,,,,,,,,,,,,,,
PROV969;Olviopol;;;;;;;;;;;;;x,,,,,,,,,,,,,,,,,,,,,,
PROV972;Yekaterinoslav;;;;;;;;;;;;;x,,,,,,,,,,,,,,,,,,,,,,
residency_desc;Only people of your nation's primary culture are allowed to vote.;;;;;;;;;;;;;;;;;;;;;;;;;;;;;;;;;;;;;;;;x;;;;;;;;;;;
secularized_desc;Religion is not explicitly part of state policy, but the state tips its hat to traditional religious values.;;;;;;;;;;;;;;x,,,,,,,,,,,,,,,,,,,,,,,,,,,,,,,,,,,,,,,,,,,,,,,,,,,,,,,,,,,,,,,,,,,,,,,,,,,,,,,,
dismantle_declared;Dismantled;;;;;;;;;;;;;x,,,,,,,,,,,,,,,,,,,,,,,,,,,,,,,,,,,,,,,,,,,,,,,,,,,,,,,,,,,,,,,,,,,,,,,,,,,,,,,,
in_great_war;In a Great War;;;;;;;;;;;;;x,,,,,,,,,,,,,,,,,,,,,,,,,,,,,,,,,,,,,,,,,,,,,,,,,,,,,,,,,,,,,,,,,,,,,,,,,,,,,,,,
the_capital_is;The Capital Is;;;;;;;;;;;;;x,,,,,,,,,,,,,,,,,,,,,,,,,,,,,,,,,,,,,,,,,,,,,,,,,,,,,,,,,,,,,,,,,,,,,,,,,,,,,,,,
post_colonial_country;Post-Colonial Nation;;;;;;;;;;;;;x,,,,,,,,,,,,,,,,,,,,,,,,,,,,,,,,,,,,,,,,,,,,,,,,,,,,,,,,,,,,,,,,,,,,,,,,,,,,,,,,
mormon;Mormon;;;;;;;;;;;;;;;;;;;;;;x;;;;;;
gypsy;Gypsy;;;;;;;;;;;;;;;;;;;;;;x;;;;;;
eugen_von_bohm_bawerk;Eugen von Böhm-Bawerk;;;;;;;;;;;;;x,,,,,,,,,,,,,,,,,,,,,,
eugen_von_bohm_bawerk_desc;Böhm-Bawerk's career as a scholar was an intermittent one. The most significant span of scholarly activity was his years at the University of Innsbruck (1881-1889). It was during the 1880s that he first published two of the three volumes of his magnum opus, Capital and Interest. His later years were dominated by his duties as the Austrian Minister of Finance, a position he held, though not continuously, throughout the 1890s and beyond-and for which he is fittingly honored by having his likeness on Austria's one-hundred schilling note. After serving in this capacity and assuming other governmental duties, he returned to teaching in 1904. With a chair at the University of Vienna, he became a colleague of Wieser, successor to the retired Menger. Students who passed through the university during the last decade of Böhm-Bawerk's career (and life: he died in 1914) included Joseph Schumpeter and Ludwig von Mises.;;;;;;;;;;;;;;;;;;;;;;;;;;;;;;;;;;;;;;;;;;;;;;;;;;;;;;;;;;;;;;;;;;;;;;;;
leon_walras;Léon Walras;;;;;;;;;;;;;x,,,,,,,,,,,,,,,,,,,,,,
leon_walras_desc;The French economist Léon Walras (pronounced 'Valrasse') has been hailed by Joseph Schumpeter as 'the greatest of all economists'. Walras was one of the three leaders of the Marginalist Revolution, even though his greatest work, Elements of Pure Economics, was published in 1874, three years after those of William Stanley Jevons and Carl Menger. Nonetheless, alone among the three revolutionaries, Léon Walras set forth the new 'marginalist' or 'Neoclassical' theory in a formal general equilibrium setting.   Thus, he endowed it with the multi-market considerations Jevons had largely avoided and the mathematical precision Menger had eschewed. Léon Walras is widely and rightfully regarded as the father of general equilibrium theory.;;;;;;;;;;;;;;;;;;;;;;;;;;;;;;;;;;;;;;;;;;;;;;;;;;;;;
jean_jaures;Jean Jaurès;;;;;;;;;;;;;x,,,,,,,,,,,,,,,,,,,,,,
jean_jaures_desc;Jaurès was elected to the Chamber of Deputies in 1885. Defeated in the 1889 elections he returned to the University of Toulouse. He became increasingly radical in his political views and after reading Karl Marx he began advocating socialism. He was not a revolutionary and supported the Independent Socialists. While out of parliament Jaurès completed his mammoth Socialist History of the French Revolution. He also joined with Aristide Briand and Rene Viviani in 1904 to establish the left-wing newspaper, L'Humanité in 1904. A new Socialist Party under Jaurès grew rapidly at the beginning of the century but split over the correct response to German militarism. Jaurès advocated a policy of international arbitration whereas others supported the Triple Entente.;;;;;;;;;;;;;;;;;;;;;;;;;;;;;;;;;;;;;;;;;;;;;;;;;
johann_heinrich_von_thunen;Johann Heinrich von Thünen;;;;;;;;;;;;;x,,,,,,,,,,,,,,,,,,,,,,
johann_heinrich_von_thunen_desc;Johann Heinrich von Thünen was a North German landowner from the Mecklenburg area. Although educated at Götingen, he spent most of his life managing his rural estate, Tellow.  In the first volume of his treatise, The Isolated State (1826), he laid down the first serious treatment of spatial economics, connecting with the theory of rent.  His second volume (1850) developed the essence of the marginal productivity theory of distribution in a mathematically precise way, thereby making one of the most important Proto-Marginalists of the era. Nearing his death, he asked that his famous equation for the marginal product of labor, or natural wage, be carved into his tombstone.;;;;;;;;;;;;;;;;;;;;;;;;;;;;;;;;;;;;;;;;;;;;;;;;;;;;;;;;;;;;;;;;;;;;;;;;;;;;;
colorado_rebels_title;Colorados;;;;;;;;;;;;;x,,,,,,,,,,,,,,,,,,,,,,
colorado_rebels_name;Colorado Rebels;;;;;;;;;;;;;x,,,,,,,,,,,,,,,,,,,,,,
colorado_rebels_desc;Colorados seek to topple the Blanco government and install their own party in power.;;;;;;;;;;;;;x,,,,,,,,,,,,,,,,,,,,,,
colorado_rebels_army;Colorado Rebels;;;;;;;;;;;;;x,,,,,,,,,,,,,,,,,,,,,,
blanco_rebels_title;Blancos;;;;;;;;;;;;;x,,,,,,,,,,,,,,,,,,,,,,
blanco_rebels_name;Blanco Rebels;;;;;;;;;;;;;x,,,,,,,,,,,,,,,,,,,,,,
blanco_rebels_desc;Blancos seek to topple the Colorado government and install their own party in power.;;;;;;;;;;;;;x,,,,,,,,,,,,,,,,,,,,,,
blanco_rebels_army;Blanco Rebels;;;;;;;;;;;;;x,,,,,,,,,,,,,,,,,,,,,,
separatist_rebels_title;Patriot;;;;;;;;;;;;x,,
separatist_rebels_name;$CULTURE$ Patriots;;;;;;;;;;;;x,,
separatist_rebels_desc;Patriot rebels dream of unification with their cultural kin under a free banner, and any province they gain control of will eventually defect to a neighbouring country of their culture.;;;;;;;;;;;;x,
separatist_rebels_army;$CULTURE$ Patriots;;;;;;;;;;;;x,,
afro_caribeno;Afro Latino;;;;;;;;;;;;;;;;;;;;;;x;;;;;;
NOT_STRONGER_ARMY_THAN;Does not have a stronger military than ;;;;;;;;;;;;x,,,,,,,,,,,,,,,,,,,,,,
STRONGER_ARMY_THAN;Has a stronger military than ;;;;;;;;;;;;x,,,,,,,,,,,,,,,,,,,,,,
beiyang_faction;Beiyang Faction;;;;;;;;;;;;;x,,,,,,,,,,,,,,,,,,,,,,
kuomintang_faction;Kuomintang Faction;;;;;;;;;;;;;x,,,,,,,,,,,,,,,,,,,,,,
neutral_faction;Part of no Faction;;;;;;;;;;;;;x,,,,,,,,,,,,,,,,,,,,,,
communist_faction;Communist Faction;;;;;;;;;;;;;x,,,,,,,,,,,,,,,,,,,,,,
mandatory_service;Service by Requirement;;;;;;;;;;;;;;x;;;;;;;;;;;;;;,,,,,
mandatory_service_l;Service by Requirement;;;;;;;;;;;;;;;;;;;;;;;x;;;;;;;;;;;;;;,,,,,
mandatory_service_desc;All adult males must serve in the military. The government can draft conscripts for as long as it wants.;All adult males must serve in the military.;;;;;;;;;;;;;;;;;;;;;;;;x,,,,,,,,,,,,,,,,,,,,,,
movement_mandatory_service;Mandatory Service Movement.;;;;;;;;;;;;;;;;;;;;;;;;x,,,,,,,,,,,,,,,,,,,,,,
four_year_draft;Four Year Draft;Four Year Draft;Four Year Draft;;Four Year Draft;;;;;;;;;x;;;;;;;;;;;;;;,,,,,
four_year_draft_l;Four Year Draft;Four Year Draft;Four Year Draft;;Four Year Draft;;;;;;;;;x;;;;;;;;;;;;;;,,,,,
four_year_draft_desc;Conscripts are drafted for four years.;Conscripts are drafted for four years.;Conscripts are drafted for four years.;;Conscripts are drafted for four years.;;;;;;;;;x;;;;;;;;;;;;;;,,,,,
movement_four_year_draft;Movement for Four Year Draft Implementation;;;;;;;;;;;;;x,,,,,,,,,,,,,,,,,,,,,,
two_year_draft;Two Year Draft;Two Year Draft;Two Year Draft;;Two Year Draft;;;;;;;;;x;;;;;;;;;;;;;;,,,,,
two_year_draft_l;Two Year Draft;Two Year Draft;Two Year Draft;;Two Year Draft;;;;;;;;;x;;;;;;;;;;;;;;,,,,,
two_year_draft_desc;Conscripts are drafted for two years.;Conscripts are drafted for two years.;Conscripts are drafted for two years.;;Conscripts are drafted for two years.;;;;;;;;;x;;;;;;;;;;;;;;,,,,,
movement_two_year_draft;Movement for Two Year Draft Implementation;;;;;;;;;;;;;x,,,,,,,,,,,,,,,,,,,,,,
one_year_draft;One Year Draft;One Year Draft;One Year Draft;;One Year Draft;;;;;;;;;x;;;;;;;;;;;;;;,,,,,
one_year_draft_l;One Year Draft;One Year Draft;One Year Draft;;One Year Draft;;;;;;;;;x;;;;;;;;;;;;;;,,,,,
one_year_draft_desc;Conscripts are drafted for one year.;Conscripts are drafted for one year.;Conscripts are drafted for one year.;;Conscripts are drafted for one year.;;;;;;;;;x;;;;;;;;;;;;;;,,,,,
movement_one_year_draft;Movement for One Year Draft Implementation;;;;;;;;;;;;;x,,,,,,,,,,,,,,,,,,,,,,
no_draft;No Draft;No Draft;No Draft;;No Draft;;;;;;;;;x;;;;;;;;;;;;;;,,,,,
no_draft_l;No Draft;No Draft;No Draft;;No Draft;;;;;;;;;x;;;;;;;;;;;;;;,,,,,
no_draft_desc;No conscription.;No conscription.;No conscription.;;No conscription.;;;;;;;;;x;;;;;;;;;;;;;;,,,,,
conscription;Conscription;Conscription;Conscription;;Conscription;;;;;;;;;x;;;;;;;;;;;;;;,,,,,
movement_no_draft;Movement for the Abolition of the Conscription;;;;;;;;;;;;;x,,,,,,,,,,,,,,,,,,,,,,
freedom_of_womb;Freedom of Womb;;;;;;;;;;;;;;;;;;;;;;;;x;;;;;;;;;;;;;;,,,x;;;;;;;;;;;;;;,,,
freedom_of_womb_l;Freedom of Womb Law;;;;;;;;;;;;;;;;;;;;;;;;x;;;;;;;;;;;;;;,,,x;;;;;;;;;;;;;;,,,
freedom_of_womb_desc;Slaves' children are freed at birth and, in most cases, old slaves are also freed. The slave population stops growing.;;;;;;;;;;;;;;;;;;;;;;;;x;;;;;;;;;;;;;;,,,x;;;;;;;;;;;;;;,,,
movement_freedom_of_womb;Freedom of Womb Campaign;;;;;;;;;;;;;;;;;;;;;;;;x;;;;;;;;;;;;;;,,,x;;;;;;;;;;;;;;,,,
no_slavery;Outlawed;;;;;;;;;;;;;;;;;;;;;;;;;x;;;;;;;;;;;;;;,,,
no_slavery_desc;Slavery is forbidden.;;;;;;;;;;;;;;;;;;;;;;;;;x;;;;;;;;;;;;;;,,,
no_slavery_l;Outlaw Slavery;;;;;;;;;;;;;;;;;;;;;;;;;x;;;;;;;;;;;;;;,,,
citizens_rights;Political Rights;;;;;;;;;;;;;;;;;;;;;;;;;;x;;;;;;;;;;;;;;,,,,,
primary_culture_only;Restricted Rights;;;;;;;;;;;;;;;;;;;;;;x;;;;;;;;;;;;;;,,,,,
primary_culture_only_l;Restricted Rights;;;;;;;;;x;;;;;;;;;;;;;;,,,,,
primary_culture_only_desc;Only the first class citizens of the country are allowed to participate in the political life, all the other groups are segregated. Becoming a first class citizen is hard and extremely limited.;;;;;;;;;x;;;;;;;;;;;;;;,,,,
movement_primary_culture_only;Pro Citizens Movement;;;;;;;;;;;;;;;;;;;;;;;;;;;;;;;;x,,,,,
culture_voting_only;Cultural Rights;;;;;;;;;;;;x,,,,,
culture_voting_only_l;Cultural Rights;;;;;;;;;;;;x,,,,,
culture_voting_only_desc;Persons from the country's culture are allowed to participate in the political life of the country and citizenship is greatly facilitated for these people.;;;;;;;;;;;;x,,,,
movement_culture_voting_only;Movement for Cultural Political Rights;;;;;;;;x;;;;;;;;;;;;;;,,,,,
all_voting_pops;All Allowed Rights;;;;;;;;;x;;;;;;;;;;;;;;,,,,,
all_voting_pops_l;All Allowed Rights;;;;;;;;;x;;;;;;;;;;;;;;,,,,,
all_voting_pops_desc;All legal immigrants, regardless of the culture, are allowed to vote. Acquiring citizenship status is facilitated.;;;;;;;;;x;;;;;;;;;;;;;;,,,,,
movement_all_voting_pops;The League for Universal Political Rights;;;;;;;;;;;;;;;;;;;;;;;;;;;;;;;;x,,,,,
immigration_policy;Border Control;;;;;;;;;;;;;;;;;;;;;;;;;;;;;;;;x,,,,,
nobody_gets_out;Nobody Gets Out;Charcutage électoral;Wahlkreisschiebungen;;División fraudulenta de distritos;;;;;;;;;x;;;;;;;;;;;;;;,,,,,
nobody_gets_out_l;Nobody Gets Out;Charcutage électoral;Wahlkreisschiebungen;;División fraudulenta de distritos;;;;;;;;;x;;;;;;;;;;;;;;,,,,,
nobody_gets_out_desc;Nobody gets out of here alive. Not legally, anyway.;;;;;;;;;;;;;;;;;;;;;;;;;;;;;;;;;;;;x;;;;;;;;;;;;;;,,,,,
movement_nobody_gets_out;Movement for the Protection of the Country;;;;;;;;;;;;;;;;;;;;;;;;;;;;;;;;x,,,,,
quota_immigration;No Border Control;;;;;;;;;;;;;;;;;;;;;;;;;;;;;;;;;;;x;;;;;;;;;;;;;;,,,,,
quota_immigration_l;Abolish Border Control;;;;;;;;;;;;;;;;;;;;;;;;;;;;;;;;;;;;;x;;;;;;;;;;;;;;,,,,,
quota_immigration_desc;The government doesn't control the country borders and immigration and emigration flows freely.;;;;;;;;;;;;;;;;;;;;;;;;;;;;;;;;;;;;;x;;;;;;;;;;;;;;,,,,,
movement_quota_immigration;No Border Control Movement;;;;;;;;;;;;;;;;;;;;;;;;;;;;;;;;;;;;;x;;;;;;;;;;;;;;,,,,,
open_immigration;Encourage Immigration;;;;;;;;;;;;;;;;;;;;;;x;;;;;;;;;;;;;;,,,,,
open_immigration_l;Encourage Immigration Policy;;;;;;;;;;;;;;;;;;;;;;;x;;;;;;;;;;;;;;,,,,,
open_immigration_desc;Our country actively encourages immigration by sponsoring immigrants and making international agreements with other countries.;;;;;;;;;;;;;;;;;;;;;;;;;;;;;;;;;;;;;;;;;;x;;;;;;;;;;;;;;,,,
movement_open_immigration;Pro Immigration Movement;;;;;;;;;;;;;;;;;;;;;;;;;;;;;;;;;;;;;;;;;;x;;;;;;;;;;;;;;,,,
unemployment_subsidies;Unemployment;;;;;;;;;;;;;;;;;;;;;;;;;;;;;;;;;;;;;;;;;;;x;;;;;;;;;;;;;;,,,
safety_regulations;Safety Regulations;;;;;;;;;;;;;;;;;;;;;;;;x;;;;
child_labor_illegal;Child Labor Illegal;;;;;;;;;;;;;;;;;;;;x;;;;;;;;;;;;;;
child_labor_illegal_l;Child Labor Illegal;;;;;;;;;;;;;;;;;;;;;;;x;;;;;;;;;;;;;;
child_labor_illegal_desc;Child Labor is viewed as immoral and is illegal.;;;;;;;;;;;;;;;;;;;;x;;;;;;;;;;;;;;
movement_child_labor_child_labor_illegal;Campaign for the Legalization of Child Labor;;;;;;;;;x;;;;;;;;;;;;;;
child_labor_restricted;Child Labor Restricted;;;;;;;;;;;;;;;;;;;;;;;x;;;;;;;;;;;;;;
child_labor_restricted_l;Child Labor Restricted;;;;;;;;;;;;;;;;;;;;x;;;;;;;;;;;;;;
child_labor_restricted_desc;Children cannot work in certain dangerous professions.;Restricted;Restricted;;Restricted;;;;;;;;;x;;;;;;;;;;;;;;
movement_child_labor_restricted;Campaign for the Restriction of Child Labor;;;;;;;;;x;;;;;;;;;;;;;;
child_labor_legal;Child Labor Legal;;;;;;;;;;;;;;;;;;;;;x;;;;;;;;;;;;;;
child_labor_legal_l;Child Labor Legal;;;;;;;;;;;;;;;;;;;;;;;;;;;x;;;;;;;;;;;;;;
child_labor_legal_desc;No child labor regulation exists.;;;;;;;;;;;;;;;;x;;;;;;;;;;;;;;
child_labor;Child Labor;;;;;;;;;;;;;;;;;;;;;;x;;;;;;;;;;;;;;
movement_child_labor_illegal;Child Labor Abolition League;;;;;;;;;x;;;;;;;;;;;;;;
debt_law;Debt Law;;;;;;;;;;;;;x;;;;;;;;;;;;;;
serfdom;Serfdom;;;;;;;;;;;;;x;;;;;;;;;;;;;;
serfdom_l;Serfdom;;;;;;;;;;;;;x;;;;;;;;;;;;;;
serfdom_desc;Serfs are bound to the land and subject to the will of its owner and forced to work the fields under a feudal system.;;;;;;;;;;;;;x;;;;;;;;;;;;;;
movement_serfdom;Pro Serfdom League;;;;;;;;;;;;;x;;;;;;;;;;;;;;
peonage;Peonage;;;;;;;;;;;;;x;;;;;;;;;;;;;;
peonage_l;Peonage;;;;;;;;;;;;;x;;;;;;;;;;;;;;
peonage_desc;Peonage is a debt system under which the debtor is forced to work off his debt. This often leads to a perpetual cycle of involuntary labor called peonage.;;;;;;;;;;;;;x;;;;;;;;;;;;;;
movement_peonage;Abolition of Serfdom Campaign;;;;;;;;;;;;;x;;;;;;;;;;;;;;
debtors_prisons;Debtor's Prisons;;;;;;;;;;;;;x;;;;;;;;;;;;;;
debtors_prisons_l;Debtor's Prisons;;;;;;;;;;;;;x;;;;;;;;;;;;;;
debtors_prisons_desc;Debtors are confined to jail until such time as their debt is resolved.;;;;;;;;;;;;;x;;;;;;;;;;;;;;
movement_debtors_prisons;Abolition of Peonage Movement;;;;;;;;;;;;x;;;;;;;;;;;;;;
bankruptcy;Bankruptcy;;;;;;;;;;;;;x;;;;;;;;;;;;;;
bankruptcy_l;Bankruptcy;;;;;;;;;;;;;x;;;;;;;;;;;;;;
bankruptcy_desc;Debtors are allowed to declare bankruptcy and have their previous debts declared null and void.;;;;;;;;;;;;;x;;;;;;;;;;;;;;
movement_bankruptcy;Debtor's Prisons Abolition Movement;;;;;;;;;;;;x;;;;;;;;;;;;;;
capital_punishment;Capital Punishment;;;;;;;;;;;;;x;;;;;;;;;;;;;;
capital_punishment_l;Capital Punishment;;;;;;;;;;;;;x;;;;;;;;;;;;;;
capital_punishment_desc;Convicts are killed for relatively minor crimes.;;;;;;;;;;;;;x;;;;;;;;;;;;;;
movement_capital_punishment;Pro Capital Punishment League;;;;;;;;;;;;;x;;;;;;;;;;;;;;
penal_system;Penal System;;;;;;;;;;;;;x;;;;;;;;;;;;;;
colonial_transportation;Transportation;;;;;;;;;;;;;x;;;;;;;;;;;;;;
colonial_transportation_l;Transportation;;;;;;;;;;;;;x;;;;;;;;;;;;;;
colonial_transportation_desc;Prisoners are sent to either far away or inhospitable places in the mother-country or to its colonies.;;;;;;;;;;;;;x;;;;;;;;;;;;;;
movement_colonial_transportation;Campaign for the Abolition of Capital Punishment;;;;;;;;;;;;;x;;;;;;;;;;;;;;
incarceration;Incarceration;;;;;;;;;;;;;x;;;;;;;;;;;;;;
incarceration_l;Incarceration;;;;;;;;;;;;;x;;;;;;;;;;;;;;
incarceration_desc;Convicts are imprisoned with the intent of removing undesirables from society, though they aren't used for hard manual labor most of the times.;;;;;;;;;;;;;x;;;;;;;;;;;;;;
movement_incarceration;Movement for the Abolition of Transportation;;;;;;;;;;;;;x;;;;;;;;;;;;;;
rehabilitation;Rehabilitation;;;;;;;;;;;;;x;;;;;;;;;;;;;;
rehabilitation_l;Rehabilitation;;;;;;;;;;;;;x;;;;;;;;;;;;;;
rehabilitation_desc;Convicts are imprisoned with the intent of reforming them and reintroducing them into society.;;;;;;;;;;;;;x;;;;;;;;;;;;;;
movement_rehabilitation;Rehabilitation of Prisoners Campaign;;;;;;;;;;;;;x;;;;;;;;;;;;;;
trinket_health_care;Trinket Health Care;;;;;;;;;;;;;;;;;;;;;;;;;;;;;;x;;;;
school_reforms;School System;Système d'éducation;Schulsystem;;;;;;;;;;;x
no_schools;No School System;Système inexistant;Kein Schulsystem;;;;;;;;;;;x
low_schools;Basic School System;Système de base;Einfaches Schulsystem;;;;;;;;;;;x
acceptable_schools;Acceptable School System;Système acceptable;Akzeptables Schulsystem;;;;;;;;;;;x
good_schools;Good School System;Système de bon niveau;Gutes Schulsystem;;;;;;;;;;;x
no_schools_l;No School System;Système d'éducation inexistant;Kein Schulsystem;;;;;;;;;;;x
low_schools_l;Basic School System;Système d'éducation de base;Einfaches Schulsystem;;;;;;;;;;;x
acceptable_schools_l;Acceptable School System;Système d'éducation acceptable;Akzeptables Schulsystem;;;;;;;;;;;x
good_schools_l;Good School System;Système d'éducation de bon niveau;Gutes Schulsystem;;;;;;;;;;;x
no_schools_desc;No public Schools.;Pas d'écoles publiques.;Keine öffentlichen Schulen.;;;;;;;;;;;x
low_schools_desc;Public Schools are uncommon.;Les écoles publiques sont rares.;Öffentliche Schulen sind nicht verbreitet.;;;;;;;;;;;x
acceptable_schools_desc;Public Schools are common.;Les écoles publiques sont fréquentes.;Öffentliche Schulen sind verbreitet.;;;;;;;;;;;x
good_schools_desc;There are really a lot of Public Schools.;Il y a beaucoup d'écoles publiques.;Es gibt wirklich viele öffentliche Schulen.;;;;;;;;;;;x
EVTNAME34608;Child Labour Law Passed;;;;;;;;;;;;;;;;;;;;;;;;;;;;;;;;;;;;;;;x;;;;;;;;;;;;;;;;;x;;;;;;;
EVTDESC34608;Following Britain's lead, in $YEAR$ Prussia, under the influence of some religious and social figures, passed a law strictly regulating the amount of child labour that was possible during the year.  According to the new legislation, the Prussian government will lay down restrictions on child labor, with the following main points: children under the age of nine are banned from factory labor, children needed to have had at least three years of schooling before working, and children under the age of sixteen could work no more than ten hours per day. Other provisions included mandated rest times and a total ban on night work for children.;;;;;;;;;;;;;;;;;;;;;;;;;;;;;;;;;;;;;;;x;;;;;;;;;;;;;;x;;;;;;;
EVTOPTA34608;Those poor children!;;;;;;;;;;;;;;;;;;;;;;;;;;;;;;;;;;;;;;;x;;;;;;;;;;;;;;x;;;;;;;
EVTOPTB34608;This isn't really necessary. Revoke the law.;;;;;;;;;;;;;;;;;;;;;;;;;;;;;;;;;;;;;;x;;;;;;;;;;;
EVTNAME3700;Chimney Sweepers;;;;;;;;;;;;;;;;;;;;;;;;;;;;;;;;;;;;;;;x;;;;;;;;;;;;;;;x;;;;
EVTDESC3700;'A young boy arose from the inside of a chimney and gently sat down on the roof. His face and clothes were blackened by the soot from the chimney and showed that this was not the first chimney he had swept this day. Tired, he climbed down the roof and trotted off after receiving a penny from the house matron.' \n \n The hard work that the city's young chimney sweepers perform has outraged many, and a committee has been formed to tackle the rough working conditions.;;;;;;;;;;;;;;;;;;;;;;;;;;;;;;;;;;;;;;;x;;;;;;;;;;;;;;;;;x;;;;
EVTOPTA3700;We should consider legislation to end this.;;;;;;;;;;;;;;;;;;;;;;;;;;;;;;;;;;;;;;;;x;;;;;;;;;;;;;;;;;x;;;;;;;;;;;x;;;;
EVTOPTB3700;Hard work is the foundation of a good moral character.;;;;;;;;;;;;;;;;;;;;;;;;;;;;;;;;;;;;;;;x;;;;;;;;;;;
EVTNAME370000002;Long Work Hours;;;;;;;;;;;;;;;;;;;;;;;;;;;;;;;;;;;;;;;x;;;;;;;;;;;
EVTDESC370000002;'The factories extend their flanks of fouler brick one after another, bare, with shutterless windows, like economical and colossal prisons... and inside, lit by gas-jets and deafened by the uproar of their own labour, toil thousands of workmen, penned in, regimented, hands active, feet motionless, all day and every day, mechanically serving their machines...' \n The hard work that the city's workers perform has outraged many, and a committee has been formed to tackle the rough working conditions.;;;;;;;;;;;;;;;;;;;;;;;;;;;;;;;;;;;;;;;x;;;;;;;;;;;
EVTOPTA370000002;We should consider legislation to change this.;;;;;;;;;;;;;;;;;;;;;;;;;;;;;;;;;;;;;;;x;;;;;;;;;;;
EVTOPTB370000002;Hard work is the foundation of a good moral character.;;;;;;;;;;;;;;;;;;;;;;;;;;;;;;;;;;;;;;;x;;;;;;;;;;;
;;;;;;;;;;;;;x,,,,,,,,,,,,,,,,,,,,,,
NORMAL_WAR_TAKE_NAME_RUS_CIR;$ORDER$ Caucasian War;;;;;;;;;;;;;;;;;;;;;;;;;;;;;;;;;;;;x
NORMAL_WAR_TAKE_CORE_NAME_RUS_CIR;$ORDER$ Caucasian War;;;;;;;;;;;;;;;;;;;;;;;;;;;;;;;;;;;;x
NORMAL_WAR_TAKE_NAME_RUS_DAG;$ORDER$ Caucasian War;;;;;;;;;;;;;;;;;;;;;;;;;;;;;;;;;;;;x
NORMAL_WAR_TAKE_CORE_NAME_RUS_DAG;$ORDER$ Caucasian War;;;;;;;;;;;;;;;;;;;;;;;;;;;;;;;;;;;;x
secularized_desc;Religion is not explicitly part of state policy, but the state tips its hat to traditional religious values.;;;;;;;;;;;;;;x,,,,,,,,,,,,,,,,,,,,,,,,,,,,,,,,,,,,,,,,,,,,,,,,,,,,,,,,,,,,,,,,,,,,,,,,,,,,,,,,
dismantle_declared;Dismantled;;;;;;;;;;;;;x,,,,,,,,,,,,,,,,,,,,,,,,,,,,,,,,,,,,,,,,,,,,,,,,,,,,,,,,,,,,,,,,,,,,,,,,,,,,,,,,
in_great_war;In a Great War;;;;;;;;;;;;;x,,,,,,,,,,,,,,,,,,,,,,,,,,,,,,,,,,,,,,,,,,,,,,,,,,,,,,,,,,,,,,,,,,,,,,,,,,,,,,,,
the_capital_is;The Capital Is;;;;;;;;;;;;;x,,,,,,,,,,,,,,,,,,,,,,,,,,,,,,,,,,,,,,,,,,,,,,,,,,,,,,,,,,,,,,,,,,,,,,,,,,,,,,,,
post_colonial_country;Post-Colonial Nation;;;;;;;;;;;;;x,,,,,,,,,,,,,,,,,,,,,,,,,,,,,,,,,,,,,,,,,,,,,,,,,,,,,,,,,,,,,,,,,,,,,,,,,,,,,,,,
school_reforms;School System;Système d'éducation;Schulsystem;;;;;;;;;;;x
no_schools;No School System;Système inexistant;Kein Schulsystem;;;;;;;;;;;x
low_schools;Basic School System;Système de base;Einfaches Schulsystem;;;;;;;;;;;x
acceptable_schools;Acceptable School System;Système acceptable;Akzeptables Schulsystem;;;;;;;;;;;x
good_schools;Good School System;Système de bon niveau;Gutes Schulsystem;;;;;;;;;;;x
no_schools_l;No School System;Système d'éducation inexistant;Kein Schulsystem;;;;;;;;;;;x
low_schools_l;Basic School System;Système d'éducation de base;Einfaches Schulsystem;;;;;;;;;;;x
acceptable_schools_l;Acceptable School System;Système d'éducation acceptable;Akzeptables Schulsystem;;;;;;;;;;;x
good_schools_l;Good School System;Système d'éducation de bon niveau;Gutes Schulsystem;;;;;;;;;;;x
no_schools_desc;No public Schools.;Pas d'écoles publiques.;Keine öffentlichen Schulen.;;;;;;;;;;;x
low_schools_desc;Public Schools are uncommon.;Les écoles publiques sont rares.;Öffentliche Schulen sind nicht verbreitet.;;;;;;;;;;;x
acceptable_schools_desc;Public Schools are common.;Les écoles publiques sont fréquentes.;Öffentliche Schulen sind verbreitet.;;;;;;;;;;;x
good_schools_desc;There are really a lot of Public Schools.;Il y a beaucoup d'écoles publiques.;Es gibt wirklich viele öffentliche Schulen.;;;;;;;;;;;x
womens_suffrage_movement;Women's Suffrage Movement;;;;;;;;;;;;;;;;;;;;;;;;;;;;x;
