EVTNAME944303;The Assassination of D'Arcy McGee;L'assassinat de D'Arcy McGee;die Attentat von D'Arcy McGee;;;;;;;;;;x,,,,,,,,,,,
EVTDESC944303;Thomas D'Arcy McGee, an esteemed Canadian nationalist, journalist, and politician, has been assassinated in Ottawa! An Irish Catholic plot is suspected.;Thomas D'Arcy McGee, un journaliste, nationaliste, et homme politique canadien, a été assassiné à Ottawa! On pense que quelques irlandaises catholiques sont responsables.;Thomas D'Arcy McGee, einer angesehenen kanadischen nationalistischen, Journalist und Politiker, wurde in Ottawa ermordet worden! Mehrere irische Katholiken verdächtigt werden.;;;;;;;;;;x
EVTOPTA944303;We mourn his death.;Nous sommes tristes qu'il est mort;Wir werden seinen Tod zu betrauern;;;;;;;;;;x,,,,,,,,,,,
EVTOPTB944303;They shall hang for their crimes!;Il faut tuer les assassins!;Wir müssen die Mörder zu töten!;;;;;;;;;;x,,,,,,,,,,,
EVTNAME944350;Rails To The Pacific;Un chemin de fer a l'ocean;;;;;;;;;;;x,,,,,,,,,,,
EVTDESC944350;Our new brothers in Confederation in British Columbia have requested that we construct a road to link them to the rest of Canada. If we wish to prevent American influence from expanding over the empty lands between us, though, we should instead construct a railway.;Nos confrères au Colombie-Britannique ont demandé que nous construisons une route qui les relie au reste du Canada. Mais si on veut coloniser l'Ouest avant que les Americains s'en emparer, il faut construire un chemin de fer.;;;;;;;;;;;x,,,,,,,,
EVTOPTA944350;The steel will bind this nation together.;Cette nation sera lié par un câble d'acier.;;;;;;;;;;;x,,,,,,,,,,,
EVTNAME944351;Railway Opens New Frontier;Plus proche du Pacifique!;;;;;;;;;;;x,,,,,,,,,,,
EVTDESC944351;We have completed a segment of the Pacific Railway, and areas beyond $PROVINCENAME$ is now suitable for colonization.;Nous avons completé un portion du chemin de fer Pacifique, donc les régions au-delà de $PROVINCENAME$ est pret d'être colonisé.;;;;;;;;;;;x,,,,,,,,,
EVTOPTA944351;Progress marches on!;À l'avance!;;;;;;;;;;;x,,,,,,,,,,,
EVTNAME944352;The Railway Pushes On;Le chemin de fer avance;;;;;;;;;;;x,,,,,,,,,,,
EVTDESC944352;Having completed the section of the Pacific Railway in $PROVINCENAME$, the contractors will now begin to construct the next section.;Voyant qu'ils ont construit la section du chemin de fer du Pacifique en $PROVINCENAME$, les entrepreneurs vont maintenant commencer à construire la section suivante;;;;;;;;;;;x,,,,,,,,,
EVTOPTA944352;Progress marches on!;À l'avance!;;;;;;;;;;;x,,,,,,,,,,,
EVTNAME944353;The Railway Pushes On;Le chemin de fer avance;;;;;;;;;;;x,,,,,,,,,,,
EVTDESC944353;Having completed the section of the Pacific Railway leading to $PROVINCENAME$, the contractors will now begin to construct the next section.;Voyant qu'ils ont construit la chemin de fer du Pacifique jusqu'a $PROVINCENAME$, les entrepreneurs vont maintenant y commencer à construire.;;;;;;;;;;;x,,,,,,,,,
EVTOPTA944353;Progress marches on!;À l'avance!;;;;;;;;;;;x,,,,,,,,,,,
EVTNAME944354;Railway Contract Completed;Un contrat a été rempli;;;;;;;;;;;x,,,,,,,,,,,
EVTDESC944354;Another section of the Pacific Railway is ready for service in $PROVINCENAME$, and construction will soon begin on the next section.;Une Le section du chemin de fer du Pacifique en $PROVINCENAME$ est prêt pour le service, et la construction va bientôt commencer sur la section suivante.;;;;;;;;;;;x,,,,,,,,,
EVTOPTA944354;Progress marches on!;À l'avance!;;;;;;;;;;;x,,,,,,,,,,,
EVTNAME944355;Railway Contract Completed;Un contrat a été rempli;;;;;;;;;;;x,,,,,,,,,,,
EVTDESC944355;Another section of the Pacific Railway is ready for service in $PROVINCENAME$, and construction will soon begin on the next section.;Le section du chemin de fer du Pacifique en $PROVINCENAME$ est prêt pour le service, et la construction va bientôt commencer sur la section suivante.;;;;;;;;;;;x,,,,,,,,,
EVTOPTA944355;Progress marches on!;À l'avance!;;;;;;;;;;;x,,,,,,,,,,,
EVTNAME944356;Railway Construction Delayed;La construction ralentit;;;;;;;;;;;x,,,,,,,,,,,
EVTDESC944356;Unanticipated delays have caused railway construction in $PROVINCENAME$ to slow down.;À cause des retards imprévus, le construction du chemin du fer en $PROVINCENAME$ est moins rapide qu'on a pensé.;;;;;;;;;;;x,,,,,,,,,,
EVTOPTA944356;Damn and blast!;Tabarnac de calisse!;;;;;;;;;;;x,,,,,,,,,,,
EVTNAME944357;Railway Construction Delayed;La construction ralentit;;;;;;;;;;;x,,,,,,,,,,,
EVTDESC944357;Unanticipated delays have caused railway construction in $PROVINCENAME$ to slow down.;À cause des retards imprévus, le construction du chemin du fer en $PROVINCENAME$ est moins rapide qu'on a pensé.;;;;;;;;;;;x,,,,,,,,,,
EVTOPTA944357;Damn and blast!;Tabarnac de calisse!;;;;;;;;;;;x,,,,,,,,,,,
EVTNAME944358;Railway In Crisis!;Le chemin de fer est en crise!;;;;;;;;;;;x,,,,,,,,,,,
EVTDESC944358;Construction of the Pacific railway has been much more expensive than the investors anticipated, and they are now severely overextended. If we do not aid them, construction will be severely impeded.;La construction du chemin du fer Pacifique a été beaucoup plus coûteux que ses investisseurs ont prédit.;;;;;;;;;;;x,,,,,,,,,
EVTOPTA944358;The railway must be finished;Il faut completer le chemin de fer;;;;;;;;;;;x,,,,,,,,,,,
EVTOPTB944358;Why should we prop them up?;Nous ne sommes pas le cause de leurs problèmes.;;;;;;;;;;;x,,,,,,,,,,,
EVTNAME944359;Anger in the West;L'Ouest enragé;;;;;;;;;;;x,,,,,,,,,,,
EVTDESC944359;Despite our promises to British Columbia, the railway has not yet been completed. Some politicians in Victoria have begun to advocate secession from Canada.;Malgré nos promets au Colombie-Britannique, le chemin de fer Pacifique n'a pas encore été completé. À Victoria, certains hommes politiques soutiennent la secession.;;;;;;;;;;;x,,,,,,,,
EVTOPTA944359;They must be patient.;Ils doivent être patients.;;;;;;;;;;;x,,,,,,,,,,,
EVTNAME944360;The Last Spike;Le dernier crampon;;;;;;;;;;;x,,,,,,,,,,,
EVTDESC944360;Although beset by rough terrain, financial hardship, and engineering challenges, the Atlantic and Pacific coasts of Canada are now connected by a ribbon of steel, and the West is open for settlement.;Nous avons vaincu terrains difficile, des difficulté financières, et les défis d'ingénierie, et les côtes Atlantique et Pacifique sont maintenant connecté par un corde d'acier, et l'Ouest est pret d'être colonisé.;;;;;;;;;;;x,,,
EVTOPTA944360;Our nation has accomplished a great feat.;Nous avons accompli un grand exploit.;;;;;;;;;;;x,,,,,,,,,,,
EVTNAME944361;CPR Pays Dividend;Le CFCP paie un dividende;;;;;;;;;;;x,,,,,,,,,,,
EVTDESC944361;The capitalists who invested in the construction of the CPR are reaping the rewards of owning shares in such a profitable business.;Les capitalistes qui ont investi dans le CFCP sont récolter les fruits de détenir des actions dans une entreprise tellement rentable.;;;;;;;;;;;x,,,,,,,,,,,
EVTOPTA944361;They were very shrewd.;Ils étaient très habiles.;;;;;;;;;;;x,,,,,,,,,,,
EVTNAME944362;Fraser Canyon Gold Rush;Ruée vers l'or du canyon du Fraser;;;;;;;;;;;x,,,,,,,,,,,
EVTDESC944362;A shipment of gold ore from the Vancouver region has caused a frenzy in California. Miners are pouring into the area, seeking to make a fortune.;Une cargaison de minerai d'or de la région de Vancouver a causé une frénésie en Californie. Les mineurs se précipitent dans la région, dans l'espoir de devenir riches.;;;;;;;;;;;x,,,,,,,,,
EVTOPTA944362;We should increase our presence in this area.;Nous devons étendre notre présence dans ce domaine;;;;;;;;;;;x,,,,,,,,,,,
EVTNAME944363;Cariboo Gold Rush;Ruée vers l'or du Cariboo;;;;;;;;;;;x,,,,,,,,,,,
EVTDESC944363;A shipment of gold ore from the Kelowna region has caused a frenzy in Victoria. Miners are pouring into the area, seeking to make a fortune.;Une cargaison de minerai d'or de la région de Kelowna a causé une frénésie en Victoria. Les mineurs se précipitent dans la région, dans l'espoir de devenir riches.;;;;;;;;;;;x,,,,,,,,,
EVTOPTA944363;We should increase our presence in this area.;Nous devons étendre notre présence dans ce domaine;;;;;;;;;;;x,,,,,,,,,,,
EVTNAME944364;Omineca Gold Rush;Ruée vers l'or du Omineca;;;;;;;;;;;x,,,,,,,,,,,
EVTDESC944364;A shipment of gold ore from the Glenora region has caused a frenzy in Victoria. Miners are pouring into the area, seeking to make a fortune.;Une cargaison de minerai d'or de la région de Glenora a causé une frénésie en Victoria. Les mineurs se précipitent dans la région, dans l'espoir de devenir riches.;;;;;;;;;;;x,,,,,,,,,
EVTOPTA944364;We should increase our presence in this area.;Nous devons étendre notre présence dans ce domaine;;;;;;;;;;;x,,,,,,,,,,,
EVTNAME944365;Stikine Gold Rush;Ruée vers l'or du Stikine;;;;;;;;;;;x,,,,,,,,,,,
EVTDESC944365;A shipment of gold ore from the Atlin region has caused a frenzy in Victoria. Miners are pouring into the area, seeking to make a fortune.;Une cargaison de minerai d'or de la région d'Atlin a causé une frénésie en Victoria. Les mineurs se précipitent dans la région, dans l'espoir de devenir riches.;;;;;;;;;;;x,,,,,,,,,
EVTOPTA944365;We should increase our presence in this area.;Nous devons étendre notre présence dans ce domaine;;;;;;;;;;;x,,,,,,,,,,,
EVTNAME944366;Gold Rush Ends in $PROVINCENAME$;Fin de la ruée vers l'or du $PROVINCENAME$;;;;;;;;;;;x,,,,,,,,,,,
EVTDESC944366;$PROVINCENAME$ is full of miners, and most of the prime sites have been mined out. It seems that the local economy will revert to other resources.;$PROVINCENAME$ est plein de mineurs, et la plupart des emplacements de premier choix ont été épuisés. Il semble que l'économie locale reviendra à d'autres ressources.;;;;;;;;;;;x,,,,,,,,,
EVTOPTA944366;They will have to adapt.;Ils devront s'adapter.;;;;;;;;;;;x,,,,,,,,,,,
EVTNAME944367;Gold Rush Ends in $PROVINCENAME$;Fin de la ruée vers l'or du $PROVINCENAME$;;;;;;;;;;;x,,,,,,,,,,,
EVTDESC944367;$PROVINCENAME$ is full of miners, and most of the prime sites have been mined out. It seems that the local economy will revert to other resources.;$PROVINCENAME$ est plein de mineurs, et la plupart des emplacements de premier choix ont été épuisés. Il semble que l'économie locale reviendra à d'autres ressources.;;;;;;;;;;;x,,,,,,,,,
EVTOPTA944367;They will have to adapt.;Ils devront s'adapter.;;;;;;;;;;;x,,,,,,,,,,,
EVTNAME944368;Klondike Gold Rush;Ruée vers l'or du Klondike;;;;;;;;;;;x,,,,,,,,,,,
EVTDESC944368;A shipment of gold ore from the Dawson region has caused a frenzy all over North America. Miners are pouring into the area, seeking to make a fortune.;Une cargaison de minerai d'or de la région de Dawson a causé une frénésie partout en Amerique du Nord. Les mineurs se précipitent dans la région, dans l'espoir de devenir riches.;;;;;;;;;;;x,,,,,,,,,
EVTOPTA944368;We should increase our presence in this area.;Nous devons étendre notre présence dans ce domaine;;;;;;;;;;;x,,,,,,,,,,,
EVTNAME944405;Naval Race;Course aux armements navals;;;;;;;;;;;x,,,,,,,,,,,
EVTDESC944405;Dreadnoughts have made all previous classes of ship obsolete. It appears that one of our rivals is using this to attempt to overthrow our naval supremacy.;Les dreadnoughts ont fait toutes les classes précédentes du navire obsolète. Un de nos concurrents est tenté de renverser notre suprématie navale.;;;;;;;;;;;x,,,,,,,,,,,
EVTOPTA944405;We must maintain command of the seas.;Nous devons maintenir le commandement des océans.;;;;;;;;;;;x,,,,,,,,,,,
EVTOPTB944405;They have a right to build ships.;Ils ont le droit de constructer des navires.;;;;;;;;;;;x,,,,,,,,,,,
EVTNAME944406;Naval Race;Course aux armements navals;;;;;;;;;;;x,,,,,,,,,,,
EVTDESC944406;$FROMCOUNTRY$ believes that our peaceful construction of a navy is a threat against them, and has started a building program to stay ahead of us.;$FROMCOUNTRY$ est d'avis que notre construction pacifique d'un marine est une menace à leur encontre, et a commencé un programme de renforcement de rester en avance sur nous.;;;;;;;;;;;x,,,,,,,,,
EVTOPTA944406;We must challenge them;Nous devons les mettre au défi;;;;;;;;;;;x,,,,,,,,,,,
EVTOPTB944406;We cannot afford to anger them;Nous ne pouvons pas eux enrager.;;;;;;;;;;;x,,,,,,,,,,,
EVTNAME944407;Dreadnoughts for the mother country;Les dreadnoughts pour la patrie;;;;;;;;;;;x,,,,,,,,,,,
EVTDESC944407;The British government has asked that we help them in their ongoing naval race. Our politicians are divided on which option to pursue.;Le gouvernement britannique nous a demandé de les aider dans leur course aux armements navals. Nos hommes politiques sont divisés sur le choix à opérer.;;;;;;;;;;;x,,,,,,,,,,,
EVTOPTA944407;Fund a British dreadnought;Nous devons financer un Dreadnought britannique.;;;;;;;;;;;x,,,,,,,,,,,
EVTOPTB944407;We should have our own navy;Nous devons avoir notre propre marine;;;;;;;;;;;x,,,,,,,,,,,
EVTOPTC944407;Why should we care?;Ce n'est pas notre combat.;;;;;;;;;;;x,,,,,,,,,,,
EVTNAME944304;The Ninety-Two Resolutions;Les 92 résolutions;;;;;;;;;;;x,,,,,,,,,,,
EVTDESC944304;The patriote movement in Quebec has long been calling for a reform of the colonial government. Now they have set a list of demanded reforms and set it to London.;Le parti patriote au Québec souhaite une réforme du gouvernement colonial. Maintenant, ils ont établi une liste de réformes demandées et l'a envoyé à Londres.;;;;;;;;;;;x,,,,,,,,,,
EVTOPTA944304;Deny the requests;Refuser les demands;;;;;;;;;;;x,,,,,,,,,,,
EVTOPTB944304;Accept the resolutions;Accepter les résolutions;;;;;;;;;;;x,,,,,,,,,,,
EVTNAME944305;Assembly of the Six Counties;Assemblée des six-comtés;;;;;;;;;;;x,,,,,,,,,,,
EVTDESC944305;The Ninety-Two Resolutions have aroused Republican and nationalist sentiments in Quebec, and patriote rallies have begun to draw large crowds. At Saint-Charles, Papineau encouraged a boycott of British goods, and Wolfred Nelson has called for armed risings.;Les 92 résolutions ont suscité des sentiments républicains et nationalistes au Québec, et des rassemblements patriotes ont commencé à attirer de grandes foules. À Saint-Charles, Papineau a encouragé un boycott des produits britanniques, et Wolfred Nelson a appelé à la rébellion armée.;;;;;;;;;;;x,,,,,
EVTOPTA944305;These revolutionaries must be stamped out!;Ces révolutionnaires doivent être éradiqués!;;;;;;;;;;;x,,,,,,,,,,,
EVTNAME944306;Mackenzie's Newspaper;Le journal de Mackenzie;;;;;;;;;;;x,,,,,,,,,,,
EVTDESC944306;William Lyon Mackenzie, an inveterate republican living in Toronto, has begun publishing the Constitution, in which he campaigns for constitutional reform.;William Lyon Mackenzie, un républicain invétéré de Toronto, a commencé à publier la Constitution, dans lequel il milite pour la réforme constitutionnelle.;;;;;;;;;;;x,,,,,
EVTOPTA944306;This seditious rag must not be printed;Ce torchon séditieux ne doit pas être imprimé.;;;;;;;;;;;x,,,,,,,,,,,
EVTOPTB944306;We should not restrict his right to publish.;Il n'ya pas de menace pour nous.;;;;;;;;;;;x,,,,,,,,,,,
EVTNAME944307;Report on the Affairs of $COUNTRYNAME$;Rapport sur les affaires de $COUNTRYNAME$;;;;;;;;;;;x,,,,,,,,,,,
EVTDESC944307;This event triggers the Act of Union for ENG.;L'acte d'union de $FROMCOUNTRY$;;;;;;;;;;;x,,,,,,,,,,,
EVTOPTA944307;Move along, nothing to see here.;;;;;;;;;;;;x,,,,,,,,,,
EVTNAME944308;The $FROMCOUNTRY_ADJ$ Act of Union;;;;;;;;;;;;x,,,,,,,,,,,
EVTDESC944308;In response to increased demands for local reform, our governor in $FROMCOUNTRY$ has concluded that the best solution is to grant limited self-government to the $FROMCOUNTRY_ADJ$ legislature.;En réponse à une demande croissante de la réforme locale, notre gouverneur au $FROMCOUNTRY$ a conclu que la meilleure solution est d'accorder une autonomie limitée à la législature $FROMCOUNTRY_ADJ$.;;;;;;;;;;;x,,,,,,,,,
EVTOPTA944308;We can afford to allow this.;Nous devons être généreux.;;;;;;;;;;;x,,,,,,,,,,,
EVTOPTB944308;We will never give them up.;Nous ne les abandonnerons jamais;;;;;;;;;;;x,,,,,,,,,,,
EVTNAME944309;The Charlottetown Conference;Le conférence de Charlottetown;;;;;;;;;;;x,,,,,,,,,,,
EVTDESC944309;The rising strength of our neighbours to the south has led to calls for greater cooperation between the Maritime colonies. Our government has called for a conference to discuss this, and invited representatives from the government of the Canadas to observe the discussions.;La montée en puissance de nos voisins du sud a provoqué des appels pour une plus grande coopération entre les colonies des Maritimes. Notre gouvernement a organisé une conférence pour discuter de cette idée, et a invité des représentants du gouvernement des deux Canadas pour observer les discussions.;;;;;;;;;;;x,,,,,,,,,
EVTOPTA944309;Let us see what the discussions will produce.;Voyons ce que les discussions se produire.;;;;;;;;;;;x,,,,,,,,,,,
EVTNAME944310;Invitation to Charlottetown;Un invitation au Charlottetown;;;;;;;;;;;x,,,,,,,,,,,
EVTDESC944310;The governments of the Maritime provinces have invited us to their conference at Charlottetown, where they are discussing the formation of a Maritime Union of their colonies. Perhaps we should encourage them to think of a larger union?;Les gouvernements des provinces Maritimes nous ont invités à leur conférence au Charlottetown, où ils discutent le formation d'une Union Maritime, composée par leurs provinces. Peut-être que nous pouvons les encourager de penser à une union plus grande?;;;;;;;;;;;x,,,,,,,,
EVTOPTA944310;We should send a delegation.;Nous devrions envoyer une délégation.;;;;;;;;;;;x,,,,,,,,,,,
EVTOPTB944310;We have little in common with them.;Nous n'avons pas beaucoup en commun avec eux.;;;;;;;;;;;x,,,,,,,,,,,
EVTNAME944311;Conference is a Success;Le conférence a été un succès;;;;;;;;;;;x,,,,,,,,,,,
EVTDESC944311;The delegates at Charlottetown have returned to their respective provinces, and bring good news about the decisions they have reached. They have decided to meet again soon at Quebec to work out the details of a Confederation of our provinces.;Les délégués qu'étaient envoyés au Charlottetown sont retournés, et ils reportent de bonnes nouvelles au sujet des décisions qu'ils ont atteint. Ils ont decidé de faire un deuxieme rendez-vous au Québec afin de discuter un Confederation de ;;;;;;;;;;;x,,,,,,,,,
EVTOPTA944311;We wait with bated breath.;Nous attendons attentivements.;;;;;;;;;;;x,,,,,,,,,,,
EVTNAME944312;Maritime Union;L'Union Maritime;;;;;;;;;;;x,,,,,,,,,,,
EVTDESC944312;Despite the absence of the Canadian delegates, the Charlottetown Conference proceeded quite well. The delegates from New Brunswick and Prince Edward Island agreed that we are safer if we are unified.;Malgré l'absences des délégués canadiens, le conférence de Charlottetown a été un succès. Les délégués de l'Île de Prince-Édouard et du Nouveau-Brunswick pensent aussi que l'unificaition fait créer le sécurité.;;;;;;;;;;;x,,,,,,,,,
EVTOPTA944312;This is the birth of a new nation.;C'est ça la naissance d'une nation nouvelle.;;;;;;;;;;;x,,,,,,,,,,,
EVTNAME944313;The Quebec Conference;Le conférence de Québec;;;;;;;;;;;x,,,,,,,,,,,
EVTDESC944313;In the wake of the Charlottetown Conference, the colonial governments have sent delegates to Quebec to hammer out a blueprint for a new country. The various provinces have different goals, and it will be hard to satisfy all of them.;Apres le conférence de Charlottetown, les gouvernements des colonies ont envoyé les délégués au Québec afin de créer le planification d'un pays nouveau. Chaque province a quelques buts différents, et il aura difficile d'en satisfaire tous.;;;;;;;;;;;x,,,,,,,
EVTOPTA944313;We hope they don't take too long.;Nous esperons qu'ils finiront rapidement.;;;;;;;;;;;x,,,,,,,,,,,
EVTNAME944314;Demands for a Railway;Le demande d'un chemin de fer;;;;;;;;;;;x,,,,,,,,,,,
EVTDESC944314;The delegates from New Brunswick and Nova Scotia have pointed out that communication between Quebec and the cities of the Atlantic provinces is made much more difficult by the winter ice on the Saint Lawrence. They are asking that the new government of Canada help with the construction of a rail connection to improve commerce.;Les délégués de la Nouvelle-Écosse et du Nouveau-Brunswick disent que la communication entre Québec et les villes des province Maritimes est rendu beaucoup plus difficile par la glace sur la Saint-Laurent pendant l'hiver. Ils demandent que le nouveau gouvernement de Canada aidera à la construction d'un chemin de fer.;;;;;;;;;;;x,,,,,,,,,,,
EVTOPTA944314;We need to plan for the future.;Il faut penser au futur.;;;;;;;;;;;x,,,,,,,,,,,
EVTOPTB944314;This railway sounds very expensive.;Un chemin de fer serait très coûteux.;;;;;;;;;;;x,,,,,,,,,,,
EVTNAME944315;The Northumberland Strait Ferry;Le ferry du détroit de Northumberland;;;;;;;;;;;x,,,,,,,,,,,
EVTDESC944315;The delegates from Prince Edward Island are worried that they will have access to commercial markets and the mainland only at the mercy of commercial shipping. They have asked that they be guaranteed year-round access to the island.;Les délégués de l'Île de Prince-Édouard pensent qu'ils peuvent communiquer avec les autres colonies seulement à la merci de la navigation commerciale. Ils veulent avoir un accès garanti toute l'année au continent.;;;;;;;;;;;x,,,,,,,,,,,
EVTOPTA944315;We must link all parts of our country;Il faut unir notre pays.;;;;;;;;;;;x,,,,,,,,,,,
EVTOPTB944315;This price is too high.;Un ferry serait très coûteux.;;;;;;;;;;;x,,,,,,,,,,,
EVTNAME944316;Debate on Senate Representation;Un débat sur la composition du Sénat;;;;;;;;;;;x,,,,,,,,,,,
EVTDESC944316;The delegates at Quebec disagree on the appropriate composition of the upper house. The Canadian delegates want to have representation be proportional to the population, while the Maritimes would prefer that each province receive an equal allotment.;Les délégués au Québec ne sont pas en accord au sujet de la composition du Sénat. Les canadiens veulent utiliser une représentation proportionelle, mais ceux en provenance des Maritimes préfèrent une représentation égale pour chaque province.;;;;;;;;;;;x,,,,,,,,,
EVTOPTA944316;Representation by population is the fairest way.;La représentation proportionelle est égale.;;;;;;;;;;;x,,,,,,,,,,,
EVTOPTB944316;We must protect minority interests.;Nous devons protéger les minorités.;;;;;;;;;;;x,,,,,,,,,,,
EVTNAME944317;Nova Scotian Debts;Les dettes de la Nouvelle-Écosse;;;;;;;;;;;x,,,,,,,,,,,
EVTDESC944317;The delegates from Nova Scotia have asked that their provincial government's debts be taken on by the federal government if they join our Confederation. This could be expensive for us, but will make any deal more palatable to their population.;Les délégués de la Nouvelle-Écosse ont demandé que les dettes du gouvernement de leur province seront assumés par le gouvernment fédéral s'ils se joignent à notre Confédération. Ça pourra être coûteux pour nous, mais il sera également rendre plus probable qu'un accord serait acceptable pour leur population.;;;;;;;;;;;x,,,,,,,,,
EVTOPTA944317;We can afford to take on this burden.;Nous pouvons porter ce fardeau.;;;;;;;;;;;x,,,,,,,,,,,
EVTOPTB944317;God helps he who helps himself.;Dieu aide l'homme qui cherche à s'aider lui-même.;;;;;;;;;;;x,,,,,,,,,,,
EVTNAME944318;New Brunswick's Debts;Les dettes du Nouveau-Brunswick;;;;;;;;;;;x,,,,,,,,,,,
EVTDESC944318;The delegates from New Brunswick have asked that their provincial government's debts be taken on by the federal government if they join our Confederation. This could be expensive for us, but will make any deal more palatable to their population.;Les délégués du Nouveau-Brunswick ont demandé que les dettes du gouvernement de leur province seront assumés par le gouvernment fédéral s'ils se joignent à notre Confédération. Ça pourra être coûteux pour nous, mais il sera également rendre plus probable qu'un accord serait acceptable pour leur population.;;;;;;;;;;;x,,,,,,,,,
EVTOPTA944318;We can afford to take on this burden.;Nous pouvons porter ce fardeau.;;;;;;;;;;;x,,,,,,,,,,,
EVTOPTB944318;God helps he who helps himself.;Dieu aide l'homme qui cherche à s'aider lui-même.;;;;;;;;;;;x,,,,,,,,,,,
EVTNAME944319;Prince Edward Island joins Confederation;L'Île de Prince-Édouard se joigne à la Confédération;;;;;;;;;;;x,,,,,,,,,,,
EVTDESC944319;The British North America Act ($YEAR$) has been passed by Parliament, and Prince Edward Island has been incorporated into the new nation of the Dominion of Canada.;Le parlement a adopté l'Acte de l'Amérique du Nord Britannique de $YEAR$, et l'Île de Prince-Édouard a été constitué dans le Dominion du Canada.;;;;;;;;;;;x,,,,,,,,,
EVTOPTA944319;We wish them luck.;Bonne chance!;;;;;;;;;;;x,,,,,,,,,,,
EVTOPTB944319;This is a new political field for us to compete in.;Je vais participer à ce nouvel espace politique.;;;;;;;;;;;x,,,,,,,,,,,
EVTNAME944320;Prince Edward Island's Debts;Les dettes de l'Île de Prince-Édouard;;;;;;;;;;;x,,,,,,,,,,,
EVTDESC944320;The delegates from Prince Edward Island have asked that their provincial government's debts be taken on by the federal government if they join our Confederation. This could be expensive for us, but will make any deal more palatable to their population.;Les délégués de l'Île de Prince-Édouard ont demandé que les dettes du gouvernement de leur province seront assumés par le gouvernment fédéral s'ils se joignent à notre Confédération. Ça pourra être coûteux pour nous, mais il sera également rendre plus probable qu'un accord serait acceptable pour leur population.;;;;;;;;;;;x,,,,,,,,,
EVTOPTA944320;We can afford to allow this.;Nous pouvons porter ce fardeau.;;;;;;;;;;;x,,,,,,,,,,,
EVTOPTB944320;God helps he who helps himself.;Dieu aide l'homme qui cherche à s'aider lui-même.;;;;;;;;;;;x,,,,,,,,,,,
EVTNAME944321;Newfoundland's Mineral Rights;Les droits miniers de Terre-Neuve;;;;;;;;;;;x,,,,,,,,,,,
EVTDESC944321;The delegates from Newfoundland have requested payments to compensate for the loss of control over their mineral rights if they join our Confederation. This will not be cheap, but they believe that it is fair.;Les délégués de Terre-Neuve ont demandé que notre gouvernement compensera leur province pour la perte des droites miniers, que seront cédés au gouvernement fédéral s'ils se joignent à notre Confédération. Ça pourra être coûteux pour nous, mais il sera également rendre plus probable qu'un accord serait acceptable pour leur population.;;;;;;;;;;;x,,,,,,,,
EVTOPTA944321;We should compensate them for what is theirs.;Il faut les compenser pour leurs ressources.;;;;;;;;;;;x,,,,,,,,,,,
EVTOPTB944321;What stops us from just taking them?;On pourrait tout simplement prendre les ressources;;;;;;;;;;;x,,,,,,,,,,,
EVTNAME944323;Final Deliberations;Délibérations finales;;;;;;;;;;;x,,,,,,,,,,,
EVTDESC944323;After months of debate and discussion, the delegates have come to agreement on seventy-two resolutions that outline the framework for Confederation. They must now return to their provincial legislatures and convince their colleagues of the need to approve this resolution.;Après quelques mois de débats et discussions, les délégués sont d'accord sur soixante-dix résolutions que décrivent le cadre de la Confédération. Ils doivent maintenant retourner à leurs gouvernements provinciaux afin de convaincre leurs collègues qu'ils doivent adopter les résolutions.;;;;;;;;;;;x,,,,,,,,,
EVTOPTA944323;It is out of our hands now.;Nous ne pouvons qu'espérer.;;;;;;;;;;;x,,,,,,,,,,,
EVTNAME944325;Decision in $CAPITAL$;Décision à $CAPITAL$;;;;;;;;;;;x,,,,,,,,,,,
EVTDESC944325;Our delegates have returned from Quebec with the resolutions approved by the conference. Some members of the legislature approve of the proposals, while others fear that we will be swallowed whole by the Canadians.;Nos délégués sont retournés de Québec, et ils reportent les soixante-dix résolutions que le conférence à adopté. Quelques membres de notre Assemblée pensent que la Confédération sera excellent pour notre province, mais quelques autres ont peur que les Canadiens nous engloutiront.;;;;;;;;;;;x,,,,,,,,
EVTOPTA944325;Confederation is the best thing for $COUNTRY$.;La Confédération est la meilleure chose pour $COUNTRY$.;;;;;;;;;;;x,,,,,,,,,,,
EVTOPTB944325;We will not accept the death of our identity.;Nous n'accepterons jamais le fin de notre identité.;;;;;;;;;;;x,,,,,,,,,,,
EVTNAME944327;Decision in Charlottetown;Décision à Charlottetown;;;;;;;;;;;x,,,,,,,,,,,
EVTDESC944327;Prince Edward Island's delegates have returned from Quebec with the resolutions approved by the conference. Some members of the legislature approve of the proposals, while others fear that they will be swallowed whole by the Canadians.;Les délégués de l'Île de Prince-Édouard sont retournés de Québec, et ils reportent les soixante-dix résolutions que le conférence à adopté. Quelques membres de leur Assemblée pensent que la Confédération sera excellent pour la province, mais quelques autres ont peur que les Canadiens les engloutiront.;;;;;;;;;;;x,,,,,,,,
EVTOPTA944327;Confederation is the best thing for the Island.;La Confédération est la meilleure chose pour l'Île.;;;;;;;;;;;x,,,,,,,,,,,
EVTOPTB944327;They will not accept the death of their identity.;Ils n'accepteront jamais le fin de leur identité.;;;;;;;;;;;x,,,,,,,,,,,
EVTNAME944329;The London Conference;Le conférence de Londres;;;;;;;;;;;x,,,,,,,,,,,
EVTDESC944329;Those provinces that have approved the Seventy-Two Resolutions have sent representatives to London to confirm the terms of Confederation and draft the British North America Act ($YEAR$), which will formalize the new country.;Les provinces qu'ont approuvé les soixante-dix résolutions ont envoyé des délégués à Londres en but de confirmer les termes de Confédération et d'ébaucher l'Acte de l'Amérique du Nord Britannique de $YEAR$, que formalisera notre nouveau pays.;;;;;;;;;;;x,,,,,,,,,
EVTOPTA944329;We have achieved something great.;Nous avons réalisé quelque chose de grand.;;;;;;;;;;;x,,,,,,,,,,,
EVTNAME944324;We join Confederation;Nous nous joignons à la Confédération;;;;;;;;;;;x,,,,,,,,,,,
EVTDESC944324;The British North America Act ($YEAR$) has been passed by Parliament, and our province has been incorporated into the new nation of the Dominion of Canada.;Le parlement a adopté l'Acte de l'Amérique du Nord Britannique de $YEAR$, et notre province a été constituée dans le Dominion du Canada.;;;;;;;;;;;x,,,,,,,,,
EVTOPTA944324;Now would be an excellent time to slip into retirement...;Je vais prendre mon retraite maintenant....;;;;;;;;;;;x,,,,,,,,,,,
EVTOPTB944324;This is a new political field for us to compete in.;Je vais participer à ce nouvel espace politique.;;;;;;;;;;;x,,,,,,,,,,,
EVTNAME944330;Railway Promise Comes Due;Le promesse d'un chemin de fer vient à échéance;;;;;;;;;;;x,,,,,,,,,,,
EVTDESC944330;The inhabitants of the Maritime provinces are questioning our commitment to upholding our earlier promise to construct a railway through to Halifax. They have asked that we start work immediately.;Les provinces maritimes sont en doute à la sincérité de notre promesse antérieure de construire un chemin de fer jusqu'à Halifax. Ils demandent que nous commençons maintenant.;;;;;;;;;;;x,,,,,,,,,,,
EVTOPTA944330;We are bound to uphold our promise;Nous devons tenir notre promesse.;;;;;;;;;;;x,,,,,,,,,,,
EVTOPTB944330;This expense is too great.;Le coût est trop cher.;;;;;;;;;;;x,,,,,,,,,,,
EVTNAME944331;Ferry Promise Comes Due;Le promesse d'un ferry vient à échéance;;;;;;;;;;;x,,,,,,,,,,,
EVTDESC944331;The inhabitants of Prince Edward Island are questioning our commitment to upholding our earlier promise to provide them with ferry service to the mainland. They have asked that we begin looking for a contractor.;Les habitants de l'Île de Prince-Édouard sont en doute à la sincérité de notre promesse antérieure de fournir un liaison par ferry au continent. Ils demandent que nous cherchons maintenant un entrepreneur.;;;;;;;;;;;x,,,,,,,,,,,
EVTOPTA944331;We must uphold our promise;Nous devons tenir notre promesse.;;;;;;;;;;;x,,,,,,,,,,,
EVTOPTB944331;This expense is too great.;Le coût est trop cher.;;;;;;;;;;;x,,,,,,,,,,,
EVTNAME944332;Senate Promise Comes Due;Le promesse d'un Sénat égale vient à échéance;;;;;;;;;;;x,,,,,,,,,,,
EVTDESC944332;We have been reminded that we agreed to reform the Senate to allow each province an equal representation.;Nous avons été rappelé que nous avons accepté de réformer le Sénat pour permettre à chaque province une représentation égale.;;;;;;;;;;;x,,,,,,,,,,,
EVTOPTA944332;Promises are promises....;Nous devons tenir notre promesse.;;;;;;;;;;;x,,,,,,,,,,,
EVTOPTB944332;I don't remember agreeing to that.;Je ne me souviens pas de cette promesse.;;;;;;;;;;;x,,,,,,,,,,,
EVTNAME944333;Inherited debts;Dettes héritées;;;;;;;;;;;x,,,,,,,,,,,
EVTDESC944333;Another installment is due for paying off the provincial debts that we inherited.;Nous avons besoin de payer une autre tranche de la dette provinciale que nous avons hérité.;;;;;;;;;;;x,,,,,,,,,,,
EVTOPTA944333;We'll find room in the budget.;Nous trouverons un place dans le budget.;;;;;;;;;;;x,,,,,,,,,,,
EVTOPTB944333;It's their own fault for lending the money.;Ces dettes ne sont pas de notre responsabilité.;;;;;;;;;;;x,,,,,,,,,,,
EVTNAME944334;A mari usque ad mare;A mari usque ad mare;;;;;;;;;;;x,,,,,,,,,,,
EVTDESC944334;Far away, along the Saint Lawrence, the various colonies of British North America have come together and united under one flag. With the United States beginning to cast their eye in our direction, perhaps we would be safer if we were also part of this Confederation.;Au loin, le long du Saint-Laurent, les diverses colonies de l'Amérique du Nord Britannique se sont rassemblés et unis sous un seul gouvernement. Vu que les Etats-Unis commencent d'exprimer leur œil dans notre direction, peut-être nous serions plus en sécurité si nous faisaient également partie de cette confédération.;;;;;;;;;;;x,,,,,
EVTOPTA944334;Invite a delegation to $CAPITAL$;Inviter un délégation à $CAPITAL$;;;;;;;;;;;x,,,,,,,,,,,
EVTOPTB944334;We should join them;Je vais participer à ce nouvel espace politique.;;;;;;;;;;;x,,,,,,,,,,,
EVTOPTC944334;We will maintain our independence.;Nous resterons indépendants.;;;;;;;;;;;x,,,,,,,,,,,
EVTNAME944335;$FROMCOUNTRY$ Joins the Fold;$FROMCOUNTRY$ se joint à nous.;;;;;;;;;;;x,,,,,,,,,,,
EVTDESC944335;$FROMCOUNTRY$ has decided that they are better off within our Confederation. Our negotiators had to promise them an overland route to improve travel to $FROMCOUNTRY$, but this should be easy for a people as industrious as ours.;$FROMCOUNTRY$ a décidé que leur situation est meilleure au sein de notre Confédération. Nos négociateurs ont dû leur promettre une route terrestre pour faciliter les voyages au $FROMCOUNTRY$, mais cela sera facile pour un peuple aussi industrieux que le nôtre.;;;;;;;;;;;x,,,,,,,,,
EVTOPTA944335;Et dominabitur a mari usque ad mare;Et dominabitur a mari usque ad mare;;;;;;;;;;;x,,,,,,,,,,,
EVTNAME944337;Report on the Affairs of British North America;Rapport sur les affaires de l'Amérique du Nord Britannique;;;;;;;;;;;x,,,,,,,,,,,
EVTDESC944337;In response to increased demands for local reform, our governor of the Canadas has concluded that the best solution is to grant limited self-government to the Canadian legislature.;En réponse à une demande croissante de la réforme locale, notre gouverneur du Canada a conclu que la meilleure solution est d'accorder une autonomie limitée à la législature canadienne.;;;;;;;;;;;x,,,,,,,,,
EVTOPTA944337;We will never give them up.;Nous devons être généreux.;;;;;;;;;;;x,,,,,,,,,,,
EVTOPTB944337;There is no sense in trying to keep this from them.;Nous ne les abandonnerons jamais;;;;;;;;;;;x,,,,,,,,,,,
EVTNAME944338;Report on the Affairs of Nova Scotia;Rapport sur les affaires de la Nouvelle-Écosse;;;;;;;;;;;x,,,,,,,,,,,
EVTDESC944338;In response to increased demands for local reform, our governor of Nova Scotia has concluded that the best solution is to grant limited self-government to New Brunswick's legislature.;En réponse à une demande croissante de la réforme locale, notre gouverneur de la Nouvelle-Écosse a conclu que la meilleure solution est d'accorder une autonomie limitée à la législature canadienne.;;;;;;;;;;;x,,,,,,,,,
EVTOPTA944338;We will never give them up.;Nous devons être généreux.;;;;;;;;;;;x,,,,,,,,,,,
EVTOPTB944338;There is no sense in trying to keep this from them.;Nous ne les abandonnerons jamais;;;;;;;;;;;x,,,,,,,,,,,
EVTNAME944339;Report on the Affairs of New Brunswick;Rapport sur les affaires de Nouveau-Brunswick;;;;;;;;;;;x,,,,,,,,,,,
EVTDESC944339;In response to increased demands for local reform, our governor of New Brunswick has concluded that the best solution is to grant limited self-government to the Nova Scotian legislature.;En réponse à une demande croissante de la réforme locale, notre gouverneur du Nouveau-Brunswick a conclu que la meilleure solution est d'accorder une autonomie limitée à la législature canadienne.;;;;;;;;;;;x,,,,,,,,,
EVTOPTA944339;We will never give them up.;Nous devons être généreux.;;;;;;;;;;;x,,,,,,,,,,,
EVTOPTB944339;There is no sense in trying to keep this from them.;Nous ne les abandonnerons jamais;;;;;;;;;;;x,,,,,,,,,,,
EVTNAME944340;Report on the Affairs of British Columbia;Rapport sur les affaires de la Colombie-Britannique;;;;;;;;;;;x,,,,,,,,,,,
EVTDESC944340;In response to increased demands for local reform, our governor of British Columbia has concluded that the best solution is to grant limited self-government to the British Columbian legislature.;En réponse à une demande croissante de la réforme locale, notre gouverneur du Colombie-Britannique a conclu que la meilleure solution est d'accorder une autonomie limitée à la législature canadienne.;;;;;;;;;;;x,,,,,,,,,
EVTOPTA944340;We will never give them up.;Nous devons être généreux.;;;;;;;;;;;x,,,,,,,,,,,
EVTOPTB944340;There is no sense in trying to keep this from them.;Nous ne les abandonnerons jamais;;;;;;;;;;;x,,,,,,,,,,,
EVTNAME944341;Report on the Affairs of Newfoundland;Rapport sur les affaires de Terre-Neuve;;;;;;;;;;;x,,,,,,,,,,,
EVTDESC944341;In response to increased demands for local reform, our governor of Newfoundland has concluded that the best solution is to grant limited self-government to Newfoundland's legislature.;En réponse à une demande croissante de la réforme locale, notre gouverneur du Terre-Neuve a conclu que la meilleure solution est d'accorder une autonomie limitée à la législature canadienne.;;;;;;;;;;;x,,,,,,,,,
EVTOPTA944341;We will never give them up.;Nous devons être généreux.;;;;;;;;;;;x,,,,,,,,,,,
EVTOPTB944341;There is no sense in trying to keep this from them.;Nous ne les abandonnerons jamais;;;;;;;;;;;x,,,,,,,,,,,
EVTNAME944370;Robert Service;Robert Service;;;;;;;;;;;x,,,,,,,,,,,
"EVTDESC944370;""There are strange things done in the midnight sun\n   By the men who moil for gold\nThe Arctic trails have their secret tales\n   That would make your blood run cold\nThe Northern Lights have seen queer sights\n   But the queerest they ever did see\nWas the night on the marge of Lake Lebarge\n   I cremated Sam McGee""\n\nRobert Service was one of the first distinctly Canadian poets. After publishing ""The Songs of a Sourdough""", a collection of poems inspired by his life in the wake of the Klondike gold rush," he was hailed as the 'Canadian Kipling'.;""There are strange things done in the midnight sun\n   By the men who moil for gold\nThe Arctic trails have their secret tales\n   That would make your blood run cold\nThe Northern Lights have seen queer sights\n   But the queerest they ever did see\nWas the night on the marge of Lake Lebarge\n   I cremated Sam McGee""\n\nRobert Service était peut-être la première poète typiquement canadienne.. Après la publication de ""Songs of a Sourdough""", un recueil de poèmes inspirés par sa vie dans le sillage de la ruée vers l'or du Klondike," il a été salué comme le ""Kipling canadien"".;;;;;;;;;;;x",,,,,,,
EVTOPTA944370;Our nation is the luckier for having him.;Notre pays est plus chanceux car nous l'avons.;;;;;;;;;;;x,,,,,,,,,,,
capitalists_of_undoubted_means_title;Capitalists of Undoubted Means;Les capitalistes d'une capacité incontestable;;;;;;;;;;;x,,,,,,,,,,,
capitalists_of_undoubted_means_desc;A syndicate of wealthy financiers has tendered a contract to construct the Pacific Railway.;Un syndicat de riches financiers a offert un contrat pour la construction du chemin de fer du Pacifique.;;;;;;;;;;;x,,,,,,,,,,,
a_public_railway_title;A Public Railway;Un chemin de fer public;;;;;;;;;;;x,,,,,,,,,,,
a_public_railway_desc;Our government could build the railway at public expense, following the progress of settlement.;Notre gouvernement pourrait construire le chemin de fer aux frais du public, à la suite des progrès de la colonisation.;;;;;;;;;;;x,,,,,,,,,
dreadnoughts_from_the_empire_title;Dreadnoughts from the Empire;Les dreadnoughts de l'empire;;;;;;;;;;;x,,,,,,,,,,,
dreadnoughts_from_the_empire_desc;In order to maintain naval supremacy, we could ask the Dominion governments to contribute to the cost of constructing ships.;Afin de maintenir la suprématie navale, nous pourrions demander aux gouvernements des dominions à contribuer au coût de la construction de navires.;;;;;;;;;;;x,,,,,,,,,
NOV;Nova Scotia;Nouvelle-Écosse;Neuschottland;;;;;;;;;;x,,,,,,,,,,,
NOV_ADJ;Nova Scotian;Nouvelle-Écossais;Neuschottisch;;;;;;;;;;x,,,,,,,,,,,
NOV_liberal;Liberal Party;Parti libéral;Liberale Partei;;;;;;;;;;x,,,,,,,,,,,
NOV_conservative;Conservative Party;Parti conservateur;Conservative Party;;;;;;;;;;x,,,,,,,,,,,
NOV_reactionary;Nationalist Party;Parti nationaliste;Nationalist Party;;;;;;;;;;x,,,,,,,,,,,
NOV_anarcho_liberal;Radical Party;Parti radical;Radical Party;;;;;;;;;;x,,,,,,,,,,,
NOV_socialist;Socialist Party;Parti socialiste;Socialist Party;;;;;;;;;;x,,,,,,,,,,,
NOV_communist;Communist Party;Parti communiste;Communist Party;;;;;;;;;;x,,,,,,,,,,,
NOV_fascist;Fascist Party;Parti fasciste;Fascist Party;;;;;;;;;;x,,,,,,,,,,,
NOV_fascist_dictatorship;Alba Nuadh;Alba Nuadh;;;;;;;;;;;x,,,,,,,,,,,
NOV_fascist_dictatorship_adj;Albannaich Nuadh;Albannaich Nuadh;;;;;;;;;;;x,,,,,,,,,,,
NBR;New Brunswick;Nouveau-Brunswick;Neubraunschweig;;;;;;;;;;x,,,,,,,,,,,
NBR_ADJ;New Brunswicker;Néo-Brunswickois;Neubraunschweiger;;;;;;;;;;x,,,,,,,,,,,
NBR_liberal;Liberal Party;Parti libéral;Liberale Partei;;;;;;;;;;x,,,,,,,,,,,
NBR_conservative;Conservative Party;Parti conservateur;Conservative Party;;;;;;;;;;x,,,,,,,,,,,
NBR_reactionary;Nationalist Party;Parti nationaliste;Nationalist Party;;;;;;;;;;x,,,,,,,,,,,
NBR_anarcho_liberal;Radical Party;Parti radical;Radical Party;;;;;;;;;;x,,,,,,,,,,,
NBR_socialist;Socialist Party;Parti socialiste;Socialist Party;;;;;;;;;;x,,,,,,,,,,,
NBR_communist;Communist Party;Parti communiste;Communist Party;;;;;;;;;;x,,,,,,,,,,,
NBR_fascist;Fascist Party;Parti fasciste;Fascist Party;;;;;;;;;;x,,,,,,,,,,,
CAN_liberal;Liberal Party;Parti libéral;Liberale Partei;;;;;;;;;;x,,,,,,,,,,,
CAN_liberal_2;Liberal Party;Parti libéral;Liberale Partei;;;;;;;;;;x,,,,,,,,,,,
CAN_liberal_3;Progressive Party;Progressiv Partei;Liberale Partei;;;;;;;;;;x,,,,,,,,,,,
CAN_conservative;Conservative Party;Parti conservateur;Conservative Party;;;;;;;;;;x,,,,,,,,,,,
CAN_conservative_2;Social Credit Party;Parti crédit social;Social Credit Party;;;;;;;;;;x,,,,,,,,,,,
CAN_reactionary;Imperialist Party;Parti impérialiste;Imperialistisch Partei;;;;;;;;;;x,,,,,,,,,,,
CAN_anarcho_liberal;Radical Party;Parti radical;Radical Party;;;;;;;;;;x,,,,,,,,,,,
CAN_socialist;Socialist Party;Parti socialiste;Socialist Party;;;;;;;;;;x,,,,,,,,,,,
CAN_socialist_2;CCF;PSDC;CCF;;;;;;;;;;x,,,,,,,,,,,
CAN_communist;Communist Party;Parti communiste;Communist Party;;;;;;;;;;x,,,,,,,,,,,
CAN_fascist;National Unity Party;Parti national socialist chrétien;Christlich Nationalsozialistischepartei;;;;;;;;;;x,,,,,,,,,,,
QUE_liberal;Parti Patriote;Parti patriote;Parti Patriote;;;;;;;;;;x,,,,,,,,,,,
QUE_liberal_2;Parti Libéral;Parti libéral;Parti Libéral;;;;;;;;;;x,,,,,,,,,,,
QUE_conservative;Parti Conservateur;Parti conservateur;Parti Conservateur;;;;;;;;;;x,,,,,,,,,,,
QUE_socialist;Parti Ouvrier;Parti ouvrier;Parti Ouvrier;;;;;;;;;;x,,,,,,,,,,,
QUE_liberal_3;Parti Nationaliste;Parti nationaliste;Parti Nationaliste;;;;;;;;;;x,,,,,,,,,,,
QUE_reactionary;Union Nationale;Union Nationale;Union Nationale;;;;;;;;;;x,,,,,,,,,,,
QUE_anarcho_liberal;Parti Radical;Parti radical;Parti Radical;;;;;;;;;;x,,,,,,,,,,,
QUE_communist;Parti Communist;Parti communiste;Parti Communist;;;;;;;;;;x,,,,,,,,,,,
QUE_fascist;Parti national socialist chrétien;Parti national socialist chrétien;Christlich Nationalsozialistischepartei;;;;;;;;;;x,,,,,,,,,,,
